..han er ved mentalt at have nerverne slidt ind under huden..;;1
..han har et flot drama bygget ind i kampen..;;1
..en kamp ført på et meget højt intellektuelt, intelligent niveau..;;1
..fordi han vinder den med hjernen, en meget tænkende kamp..;;1
..en syngende højre får kæberne til at svinge hos Thomas.. ; om Thomas Damgaard;1
..kun 11 måneder har han bokset uden overkrop.. ; om Mikkel Kessler;1
..den gamle veteran, der stadig bærer sit venstre hook som et smukt våben..;;1
..stadig gør han sit fag ganske god skyldighed..;;1
..mangler definitivt de sidste greb, for at gøre en bokser færdig..;;1
..den teknisk tænkende tekniske bokser Jesper D. Jensen..;;1
..en champ har altid mindst en stor fight gemt i sig..;;1
..det sidste en fighter mister, er hans slagkraft..;;1
..på den ene side dækker han sig meget godt bag paraderne - på den anden side bliver han ramt lidt for meget..;;1
..Johnny Bredahl er på sine gode aftener en ren kunstner..;;1
..og Johnny afsøger sit terræn, scorer points, sætter penge i banken - så de kan trække renter..;;1
..højt på et kampmæssigt niveau..;;1
..eventyret er sket, og det er skrevet med H.C. Andersens blæk..;;1
..kampen er i en stram, tæt fase..;;1
..afsøger fint sit terræn med sin lange stive venstre..;;1
..Nardiello kan også ret hurtigt blive et offer for modstridende følelser i sit indre..;;1
..i sidste ende ender det altid med en dans på de indre linier..;;1
..han har et bizart problem.. ; sagt da Victor 'Den elegante' Torres vred om på anklen;1
..glimrende lille detalje fra boksningens værksted..;;1
..vurderer sin modstander - fangler, mangler og defekter..;;1
..matematiske detaljer udført af en skarp, stringent hjerne..;;1
..Norman Mailer, den verdensberømte, har tidligere beskrevet boksning som skak i et minefelt..;;1
..fighteren Johnny Bredahl med en hjerne, som spillede han skak..;;1
..'Terrible' Tim Witherspoon ligner i øjeblikket et af de huse, hvor der er lys i vinduerne, men der er ingen hjemme.. ; fra Brians sejr over Witherspoon;1
..Kirkov får aldrig programmeret Dennis på sin indre computer.. ; om Dennis Holbæk;1
..og så er det lige før han også skal være fransk mester i baglæns løb.. ; en replik lånt fra en uspecificeret TV2-kommentator;1
..lige pludselig lukker dette her op til at blive et uvirkeligt drama..;;1
..den replik, den højre - han skrev klassiske detaljer med begge dele.. ; om Jørgen 'Gamle' Hansen, fra 'Ringens Mestre';1
..ringen var hans universitet.. ; om Tom Bogs, fra 'Ringens Mestre';1
..han er stadig en myte i gamet.. ; om Oscar Mattheus Nielsen aka Battling Nelson, fra 'Ringens Mestre';1
..havde kun sig selv, sine næver, sit mod.. ; om Christian Christensen aka Gentleman Chris, fra 'Ringens Mestre';1
..Børge boksede altid med hjernen.. ; om Børge Krogh, fra 'Ringens Mestre';1
..stil var hans image.. ; om Børge Krogh, fra 'Ringens Mestre';1
..en lille, intelligent, raffineret bokse-elegantier, der på sine store aftener hævede sin brutale idræt til sjældne, intellektuelle højder.. ; om Børge Krogh, fra 'Ringens Mestre';1
..vidste det med sit intellekt, sin kølige hjerne.. ; om Børge Krogh, fra 'Ringens Mestre';1
..den bedste og skarpeste hjerne, dansk professionel boksning nogensinde har fostret.. ; om Børge Krogh, fra 'Ringens Mestre';1
..Jørgen drattede som et fældet træ, når fjenden splintrede den sprøde krystal i hans glaskæbe.. ; om Jørgen 'Gamle' Hansen, fra 'Ringens Mestre';1
..ringen var hans Shangri-La - dette berømte eventyrland, hvor ingen blev gammel, selv om de levede i flere hundrede år.. ; om Jørgen 'Gamle' Hansen, fra 'Ringens Mestre';1
..og hvor var han dog smuk i den ring - da han var ung.. ; om Hans Hanrik Palm, fra 'Ringens Mestre';1
..i den afrikanske krigers udgave var boksning løftet til et niveau, langt højere end bizar, blodig underholdning.. ; om Ayub Kalule, fra 'Ringens Mestre';1
..primitivt? Åhh ja - for de intellektuelt enfoldige, men for de livs-vidende er det rent, ægte, ærligt.. ; om boksningen generelt, fra 'Ringens Mestre';1
..Gert Bo skrev de mest fascinerende momenter i sit bokseliv med blod og flængede øjne og smadret næse.. ; om Gert Bo Jacobsen, fra 'Ringens Mestre';1
..Der er sgu ikke nogle, der danser med min rytme, hu hu hu.. ; selvreference;1
..tillykke med det champ, du er stadig champ..;;1
..har Brian stadig sit gyldne touch - magien?;;1
..flot angreb fra Crowe, der tænder Brians vilje..;;1
"..Jean Schm&uuml;cker - næsten som en hypnotisør..";;1
..den dybe venstre har han faktisk udviklet til et flot våben..;;1
..den strammer til - dramaet lurer lige under overfladen..;;1
..som for alvor skruer Mads på plads..;;1
..den gamle tryllekunstner har ikke flere magiske tricks på lager.. ; om Simon Brown, den aldrende champ;1
..det flyvende tæppe er for alvor ved at gå op i strimlerne..;;1
..den gamle champ, der stadig i afmålte flash demonstrerer, hvad der var engang..;;1
..begynder efterhånden at ligne en flue, der bliver spundet ind i edderkoppens spind.. ; om Simon Browns kamp mod Mads Larsen;1
"..næsten som en tandlæge stikker han næven ind - gør det ondt d&egrave;r eller gør det ondt d&egrave;r?";;1
..han er på den måde et spejl af den lille mands kamp i en hård og brutal verden..;;1
"..d&egrave;r er recepten, og han er ved at skrive den ud i øjeblikket.. "; om Frank Olsen;1
"..fra ringhjørnet bjæffer Jean Schm&uuml;cker..";;1
..han rammer et nervecenter, der et kort øjeblik får kropsfunktionerne til at svigte.. ; da Brian Nielsen ramte Don Normand i sækken;1
..waw - en sensation af de negative.. ; om Frank Olsens KO-nederlag;1
..hvis han kan smide sin forsigtighed, sin skak-mindede boksning, væk.. ; om Lennox Lewis;1
..en af fagets skrappeste analytikere.. ; om Jesper D. Jensen;1
..som med hele sit mod gør dette til en primitiv, næsten stenalderagtig affære.. ; om Omar 'Den smukke prins' Gonzalez;1
..metodisk, strategisk boksning af verdensmesteren.. ; om Mads Larsen;1
..den overdådige rigdom af detaljer flyder fra Mads Larsen..;;1
..efter en lang, lang strategisk fase hamrer højren ind.. ; om Mads Larsens KO-sejr over 'Den smukke prins';1
..Gonzales kan ikke lide den gåde, der står foran ham.. ; Omar 'Den smukke prins' Gonzales vs. Mads Larsen;1
..han kan ikke lide ham, men alligevel går han ind og holder ham - det er en underlig form for kærlighed.. ; Rudy Marcussen vs. Billy Schwer;1
..med det flossede håndklæde, savtakket som var det flænset med en springkniv, over skuldrene.. ; Tyson på vej op mod ringen;1
..spørgsmålet er om han har mental kraft - yes sir, det har han.. ; fra Tysons kamp mod det høje, hvide håb John Alderson;1
..Mike Tyson har skrevet sin lov, har sat sine fingeraftryk på mr. John Alderson.. ; fra kampen mod tårnhøje Alderson;1
..har også tændt blodet i - æhm - Mikes hjerne.. ; om John Alderson;1
..Mogens er som en flagrende mosquito.. ; om Mogens Palle;1
..Mike Tyson - i sin ungdoms lysende stjernestund..;;1
..og publikum - hver gang Mikes næver lander - brølet, det hæsende hvæs, født af blodrus.. ; fra Tysons kamp mod Trevor Berbick;1
..og Tysons næver - som toget du aldrig ser i overskæringen, når du kører forbi..;;1
..resten er kun make-up, ligegyldigheder, småting - Tyson lægger nu den sidste sminke på.. ; i de døende sekunder af kampen mod Trevor Berbick;1
..og Berbick, som en dødsdømt..hænger på kanten.. ; lige før Tyson slår Trevor Berbick ud;1
..Tyson, den yngste champ i gamet, skriver endnu et kapitel i den amerikanske drøm..;;1
..huh huh, Berbick vakler, alle nerver skåret over - som en robot, hvor du fjerner alle ledninger.. ; da Tyson slår Trevor Berbick ud;1
"..Alfonso - endnu et offer plantet foran Tyson, Iron"" Mike Tyson, ""Mighty"" Mike Tyson.."" "; fra kampen mod den langlemmede Alfonso Ratliff;1
..som terroristen, der tatoverer sine ofre.. ; om Mike Tyson;1
..Alfonso har sat sig op på cyklen og spæner ringen rundt.. ; fra Tysons kamp mod Alfonso Ratliff;1
..har skabt hans ry som den mest destruktive kraft i faget.. ; om Mike Tyson;1
..og så..de sidste brikker lagt på plads..med et højre hook til kroppen.. ; da Tyson slår lemmedaskeren Alfonso Ratliff i gulvet;1
..ordene er sagt, ritualerne udført, nationalsangene er lagt bag os - dette er fighttime, showtime, action..;;1
..en puncher, showmand, fighter - professionel helt ind i nerven.. ; om ex-verdensmester Lionel Butler som Brian Nielsen sensationelt knock-outede efter bare 1.32 i 1.runde;1
..som marmorkuglen der hamrer ind i ruinen, brækker han i øjeblikket Witherspoon ned.. ; da Brian Nielsen smadrede 'Terrible' Tim Witherspoon;1
..punktum, finale, out, færdig.. ; efter Brian Nielsens 5.runde KO over 'Terrible' Tim Witherspoon;1
..hook, uppercut - hvor er det dog, i al sin dramatiske uhygge, smukt udført.. ; om unge Tysons sejr over veteranen Jesse Ferguson i '86;1
..øjnene ruller rundt i hovedet på ham som kirsebærrene i en enarmet tyveknægt.. ; fra Thyboes tid som sportsreporter på dagbladet Information (indsendt af Mikael);1
..hvis 2 boksere opdager, at de er ved at skabe noget stort, så maler de en Rembrandt på ringens kanvas..;;1
..han er ved at svæve ud mellem tovene - som et brev der bliver smidt ind igennem brevsprækken.. ; indsendt af Jan Holgersen;1
..han har stillet diagnosen, udskrevet recepten - nu mangler han bare at udlevere medicinen.. ; indsendt af Jan Holgersen;1
..eeeei, det er tydeligt at han her er ramt af akut læderforgiftning - wham bam boom.. ; en af Søren 'Mr. Perfect' Søndergaards modstandere (indsendt af Kaj Arildsen);1
Som de sidste, tunge drøn fra en fængselsklokke, morgenen før en henrettelse .. som det hule ekko fra øksehug mod en træstamme .. ramler hans næver mod fjendens kæber.;om matchen mellem Eubank og Watson i London 1991 (índsendt af Bo Gundersen);1
Ramma damma ding-dong time .. legenden er smadret;da Holyfield KO-ede Tyson (indsendt af Lasse Pedersen);1
..centrifugerende pedalering.. ; om Armstrong på enkeltstarten;2
..den Uzbekiske dækkriger Abdoujaparov..;;2
Exit Zülle.. ; da Zülle hentes, går kold og sættes efter at være stukket på Alpe de Huez;2
Christophe Moreau .. det ser tungt ud, men det går altid hurtigere end man tror med ham .. en slags stor hurtig langsomhed.. ; fra Moreaus prolog i 2002;2
Jalabert fører prologen. Han er da en mand, der virkelig kan træde frem fra skyggen, fra kulissen. Diskret står han og ser til. Diskret er han der bare, og så træder han frem som en lysende stjerne.. ; da Laurent Jalabert fører prologen i 2002, men taber snævert med 2 sek. til Armstrong;2
Leth: ..byen er berømt for sin produktion af hårnåle. Mader svarer: ..dér må jeg hen!;;2
Mader: ..og sandheden kommer på cykel. Leth: ..ja og i bjergene!;;2
Jamen nu lå jeg jo ligesom nederst i bunken.. ; Skibbys svar, da en kommentator spørger ham, hvordan det kan være, at han tabte mere tid på et styrt end nogle af de andre, som var med i styrtet;2
..Hincapie nærmest som en robot, stirrende, trampende.. ; Armstrongs hjælperytter George Hincapie trækker Armstrong og resten af feltet ad landevejen;2
..ja, selv om han mest af alt ligner en bagersvend fra Bagsværd, så kører han kraftedeme hurtigt.. ; en sammenbidt Brian Holm efter en etape om Jan Ullrich;2
Jeg husker, at jeg som barn fik at vide, jeg ikke måtte gå i vandet efter at have spist. De her har lige fået forsyninger, og de drøner derudaf for fuld kraft.. ; Mader mindes barndommen (og kan i øvrigt ikke lige skelne mellem vand og asfalt :o);2
Dekker dækker op til kroningen af Kroon.. ; da Rabobanks sprinter Karsten Kroon vinder en etape;2
Han behandler cyklen som en gammel led kælling der har fortjent det.. ; Maders reaktion, da Johnny Weltz smider cyklen op på en forbikørende ladvogn i '94 ved Nice;2
Se hvor rolig han sidder i sadlen, selv når han står op.. ; om Armstrong;2
Den store, brune muskel, smaskende i sin tidsspisning.. ; om Indurain;2
Det er flot, som han sidder i sadlen med de stramme shorts..;;2
Det er smukt, feltet, som een stor muskel, der banker gennem det gule hav..;;2
Det kunne være smukt, hvis de holder hjem .. men det er nok mere tanke i fiktionens verden .. end i realitetens.. ; Mader drømmer om at Jalabert-gruppen kan holde hjem med 14 minutter til feltet og 65 km igen;2
Leth: se Mauris grin.. Mader: ja, den mand kan grine en vaskebjørn ned fra et træ..;;2
Leth: ..der sidder han, Alex Zülle, med skjorten åben, nøjagtig som Richard Virenque. Mader: ..ja, og Peter Belli.;;2
Da de kom op, blev der uddelt nogle gevaldige skideballer og gjort store testikler..;;2
Han træder igennem brostenene..;;2
..er det ikke herligt at se så mange mænd i cykelshorts..;;2
..og vi har tre mand i udbrud, det er Piil, Baguet og purløget Lelli..;;2
Der sidder han, med et underbid der kunne klare en tordenskylle..;;2
Så, nu skal der snart til at skæres skiver af salamien, denne skive hedder Kirsipuu..;;2
..her tabes noget af sadlen, men farten holdes..;;2
Jalabert, han er fransk, men han er glad..;;2
Brochard stikker, nej, det er Moreau .. Dufeaux .. DUFEAUX er gået..;;2
Det værste der kunne ske .. en hollænder vinder i Belgien.. ; Maders reaktion da Marc Wauters vinder i Antwerpen;2
Sådan ser det forhåbentlig ud for Jalabert i morgen .. optimistjoller.. ; da Mader mod slutningen ser nogle små både på en sø;2
Det regner meget, derfor er der en meget våd fauna .. i Bretagne..;;2
Mader: ..ja, på godt dansk ville man sige, at han er en flot fyr. Leth: ..ja!;;2
..og der sidder solkongen omgivet af sit blå hof .. ja han ligner en emmenthaler i en blå castello sandwich.. ; Indurain og hans Banesto-hold;2
..og så rejser Rominger sig med sit fjederlette tråd..;;2
Køerne .. der laver mælk .. og smør .. det er jo en kendt sag at det normanniske smør er verdens bedste..;;2
Han ligger og koger på en hård mellemhånd..;;2
Leth: ..der er køerne, de producerer mælk. Mader: ..det må være ugens nyhed;;2
Han udtrykker sig nærmest grafisk..;;2
..op til Sestriéres med Dannebrog på ryggen. Den ryg gør han gul nu.. ; Riis vinder Sestriéres-etapen i '96;2
..45 sekunder til Indurain-gruppen. Kongeskifte. Her er han, den nye majestæt. Riis i bjergene. Riis rivende og flående sig selv frem over asfalten op mod mål her på Hautacam.. ; da Riis vinder kongeetapen op mod Hautacam i '96;2
..Galdeano i gult. Det kunne symbolisere det peber, som i sin tid bragte velstand til området her..;;2
Abdoujaparov .. den eneste muslim i feltet..;;2
Giffen-gaffen-guffen, Pantani er forceret til at finde det hvide håndklæde frem fra skuffen.. ;" Leths mening om Pantanis ""færdige"" udtryk på en bjergetape i '98";2
Han kørte op på toppen .. stod af cyklen og sagde det her, det er mord, og så kørte han ned .. og vandt.. ; Leths historie om Fausto Coppi på vej over Col de Madeleine, da touren første gang passerede det ufremkommelige terræn;2
..og hvis Heppner var en frø, kunne han smække med tungen og sluge ham, som var han en flue.. ; da feltet med Jens Heppner i spidsen henter en udbryder på en bjergetape;2
Leth: ..nu får vi klarhed over hvem der vinder dansen om Madeleine. Mader: ..ja, og om det skal være en quickstep med Jimenez eller en tung tango med Ullrich.. ; lige inden opkørslen til Col de Madeleine i 2000;2
Som en bøffel mod et vandhul styrer den gule muskel mod toppen af bjerget.. ; om Indurain;2
Hvis jeg var en spåkone, ville jeg tage min spåkugle, male den gul, skrive Bjarne Riis på den, og trille den ind af Champs Elysses.. ; Maders kommentar mod slutningen af Touren i '96, da Riis vandt;2
..og med et nærmest Fred Astaire'sk antrit danser Chiapucci op ad bjerget.. ; Maders respons på Leths uddybning af de forskellige stilarter indenfor cykling sammenlignet med dansen;2
Mader: ..her er Rolf! Han har sat sig forrest i grupettoen og styrer den nu sikkert op over bjerget. Rolf har altid et godt overblik i de situationer, der opstår i løbet. Leth: ..ja, Rolf nyder stor respekt i feltet.. ; Mader og Leth kammer endnu engang over i skamrosningen af Rolf Sørensen, som altid dansede blandt de sidste på bjergetaperne;2
Der har vi Sandstød nederst i billedet, han glider lige ud af billedet .. og ind igen, typisk Sandstød..;;2
Ja, de har halet ind på udbryderne .. men disse kører naturligvis også op ad bakke lige nu..;;2
..og til venstre, halmballer - som i Danmark.. ; Mader afbrydes midt i en forklaring af Riis og hans store klinge;2
Riis er den store klinges ædle betvinger..;;2
Han sidder som en konge på cyklen.. ; om Indurain;2
Indurain kører som en præsident, der bliver præsenteret på en boulevard..;;2
Der sidder Indurain som en kanariefugl i bjergene, i et bur af Banesto folk..;;2
Leth: ..bemærk de tradionelle franske lygtepæle. Mader: ..af stål.. ; da rytterne for 117'ende gang var på vej op (eller ned) af Champs Elysees;2
Kongen har slået så hårdt i bordet, så alle de andre er faldet ned af stolene.. ; Indurain er kørt væk fra feltet med en anden rytter på hjul i '94;2
..og her Kongen, Tidsmaskinen.. ; hvergang der blev kørt enkeltstart, og billedet skiftede over til Indurain;2
Den brune muskel med det synkoperede tråd.. ; om Indurain;2
Feltet bugter sig i en slange, som et S .. S for Sejr .. Sejr til Indurain.. ; da feltet kører ned ad en snoet bjergvej;2
Leth: ..igen disse frygtelige paverer. Mader: ..ja, de ligger nærmest anarkistisk som kastet ned fra himmelen i et frådende raseri.. ; fra Paris-Roubaix med de karakteristiske brostensstrækninger;2
Han hedder ikke Dan, han hedder Jesper.. ; en fortørnet Mader opdager ikke (modsat alle andre) at fransk TV præsenterer rytterne med et flag efterfulgt af landets tre første bogstaver.;2
Den store gule mund er klar til at spise udbryderne.. ; om Indurain;2
Han kører som et æsel på speed.. ; om Indurains hjælperytter Gerad Rué;2
Leth: ..feltet er et kaffeselskab med blondedug. Mader: ..men med Banesto for bordenden.. ; på Hautacam etapen;2
..med ører, som lignede han en ET.. ; Mader om Pantani;2
Dét er et Herninghoved, der vil fremad..;;2
Dette lille egern.. ; Mader om Tony Rominger;2
..som om foråret driver deres hjord op ad disse skråninger for at komme på græs - LAAANG stille pause - om efteråret, ned igen.. ; Leth gik underholder om hyrderne;2
Jeg har sgu lyst til at save dem af og smide dem laaaangt væk.. ; Skibbys svar på en journalists stupide spørgsmål om, hvordan benene havde det, efter Tourens hårdeste etape;2
Den lille, diskrete hurtighed.. ; om Joseba Beloki;2
Den bliver revet af ham .. tydeligvis.. ; Leth giver ikke Mengin store chancer for at beholde bjergtrøjen under den første bjergetape i Pyrenæerne i 2002;2
Der var ikke mere i den lille basker, ikke nogle vinger at baske med.. ; Laurent Jalabert efterlader Extebarria på vej op ad Col d'Aubisque;2
Han kører næsten Riisisk..;;2
Efter at have tømt de andres tallerkner, er han klar til at spise af sin egen..;;2
..og her Jalabert, sat over i resignationens gryde.. ; Mader kommenterer Laurent Jalabert, som er blevet sat på vej op ad en bjergtop i '98.;2
Mader: ..her har vi den grønne, våde frodighed. Leth: ..ja, Pyrenæerne smiler til os;;2
Lad os ikke håbe det er kramper, for så bliver menuen uhyre svær at fordøje.. ; Laurent Jalabert laver strækøvelser for låret på vej ned af Col d'Aubisque i 2002;2
..men netop nu er det en cykelrytters store fødder, nemlig Jalaberts, der skriver henover hele byen lige nu..;;2
Extebarria indhaleres af Hincapie, som en Jonas af hvalen.. ; George Hincapie og US Postal henter alle udbrydere på vej op ad Col de la Core i 2002;2
..den store løbsintelligens han udstråler.. ; om Laurent Jalabert;2
..efter et stort slag ude på vejene .. et uventet slag.. ; Laurent Lalabert under Touren 2001 kører fri med Ludo Dierckxsens og Mancebo efter at have været sat med over 10 minutter;2
Det terræn, der tilbyder sig til Jalabert .. og han forstår virkelig at udnytte det.. ; om Laurent Jalabert;2
Det tager lige glansen af det øverste trin af Credit Agricole.. ; kaptajn Bobby Julich blev sat på Col de Madeleine under Touren 2001;2
..og her - en godt læsende Jalabert.. ; om Laurent Jalaberts fantastiske udbrud på Valduran Masset under Touren 2001;2
..næsten symbolik i helikopteren .. som Jalabert flyvende ned ad bjerget.. ; om Laurent Jalabert under Touren 2001;2
Denne etape er fyldt med oplysninger, fyldt med sandheder..;;2
Han smider dem simpelthen af, som pærer fra et træ i efteråret.. ; den gule trøje Bjarne Riis angriber under Touren 1996;2
Det her har du sat vaser frem til længe .. nu putter du blomsten i dem.. ; Bjarne Riis vinder 9.etape til Sestrières og kommer i gult under Touren 1996;2
En spansk trio bestående af blandt andre Olano er sat, sat over til kogning - af Riis .. ; fra en af de utallige gange Indurains arvtager Abraham Olano blev sat;2
Telekom har fat i dørhåndtaget .. og har også nøglen .. der er ingen pardon.. ; fra Touren 1998;2
Det er en invitation til Cippolini .. den kan han ikke sidde overhørig.. ; og Mario Cippolini vandt da også 5.etape til Chateureaux med den lige opløbsstrækning på 1,5 km.;2
Han disponerede forkert, kom i vanskeligheder, da Museeuw og Tchmil ikke gik ned.. ; om Rolf Sørensen fra Flandern Rundt i 1999;2
Det er som at skyde en blomsterstilk over med, ja med en kanonkugle.. ; Indurain under VM 1992 smadrer al konkurrence på stigningen kort før mål;2
Hvornår mon han begynder at stramme sin mørke muskel.. ; om Miguel Indurain;2
Den lille mand med det store pedalistiske punch.. ; om Marco Pantani fra Touren 1995;2
Han mangler bare madkurven, så ligner han en, der skal på skovtur.. ; Alex Zülle på startrampen inden enkeltstarten under Touren 1995;2
Riis hænger .. Riis i vanskeligheder .. Riis er sat .. LAAAANG pause .. eller er han kørt .. ja, Riis er kørt .. Riis er kørt fra gruppen med Indurain .. Riis i udbrud.. ;" Bjarne Riis stikker fra Indurain og Z&#252;lle under Touren 1995";2
..med sin egen stærke mand, unge Ullrich foran, til at give alt hvad han har i sig, inden Riis går ud i den afgørende duel med Indurain og de øvrige favoritter - et dræbende vanvittigt tempo op ad Hautacam - en festival i fart og fascination.. ; fra Touren 1996 hvor Bjarne Riis i gult sætter alle konkurrenterne og vinder bjergetapen til Hautacam;2
Riis angriber, den gule trøje i angreb .. direkte mod Indurain, der sætter efter ham .. er det en prøve .. ja det var det, han leger med dem.. ; Riis' prøve-ryk inden han sætter Indurain-gruppen og sikrer sig sejren på bjergetapen til Hautacam under Touren 1996;2
Det er fuldstændigt, som om Riis har en form for patent på de store bedrifter i det her løb.. ; det år Riis vandt.;2
Se hvor roligt han sidder i sadlen, selv når han står op..;;2
Det er sejt, det er stejlt. Den gule trøje og de hvide tænder .. den mørke muskel er virkelig lukket op nu.. ; om Miguel Indurain i '95;2
Han ligner en mand, der ligger og banker mod en brænding.. ; om Jalabert;2
Hamburger op til Indurain, Hamburger forbi Indurain. Han sætter ham faktisk. Fuldstændig nye farver på paletten..;;2
..men her et talent, der træder ind på scenen .. og gør den stor.. ; om Armstrong på bjergenkeltstarten i 2001;2
..og Heras hæver sin løn.. ; ved at trække kaptajn Armstrong op ad sidste stigning på løbets første bjergetape i 2002, hvor Armstrong bringer sig i gult;2
"Hhans underskrift vil stå der, stor og lysende .. men næppe som sejrsherre.."" - om Jalabert på en af hans utallige bjergudflugter, som aldrig holder hjem";;2
Jalabert, ja han kan vel dårligt gro mere i det muld, han er i.. ; om Jalaberts flotte solokørsel på den første bjergetape i 2002;2
En barsk, blå sandwich at sidde i for Beloki.. ; Beloki sidder mellem US Postals Armstrong og Heras på vej op ad en skarp stigning;2
..ja, stående nærmest som en mand med hund i snor, kigger han på Beloki.. ; Armstrong har ladet sig falde ned bag Beloki, som han kigger ud, inden han stikker og kører sig i gult på første bjergetape i 2002;2
Laurent Jalabert før den gule trøje .. den symbolik får han da.. ; Jalabert kommer ind før den gule trøje, Igor Galdeano;2
Der tog han en ordentlig bid af lagkagen til det, der skulle have været Jalaberts store fødselsdag.. ; om Armstrong, der vinder første bjergetape foran Jalabert, som havde været på eneudflugt hele dagen;2
De kører på en helvedesild, der næsten suger asfalten til sig..;;2
Christophe Moreau - knockoutkongen.. ; den franske Credit Agricole rytter blev konsekvent kaldt dette, efter han havde været i håndgemæng med Carlos Sastre på en etape i 2002;2
Den lille skævbenene, skævkroppede Escartin.. ; Mader er ikke imponeret over Escartins fysiske fremtoning;2
..og Virenque gjorde det på stor, solistisk facon, mens Botero stadig træder lidelsens tråd.. ; Virenque vinder etapen til Mont Ventoux i 2002, mens den samlede stillings 2-er Botero går ned med over 6 minutter til førerren Armstrong;2
Jeg tror, han er mæt Armstrong .. mæt af den ret, der hedder Jalabert.. ; US Postal kører ikke for at hente Jalaberts udbrydergruppe;2
Hhan ligner en mand på en affyringsrampe.. ; om Boogerd;2
xtebarria igen på lur som en lille, orange kanonkugle.. ; Extebarria i den karakteristiske Euskaltel-trøje forsøger at køre væk fra gruppen mod etapeafslutningen;2
Her har vi Olano .. han har fredet sig selv, stillet sig ind i skyggen.. ; Indurains arvtager Abraham Olano har igen resigneret i bjergene;2
Armstrong som en damptromle af ambitioner..;;2
..gik ned, som solen i Pyrenæerne.. ; Jalabert bliver sat med over 10 minutter efter at have ført hele dagen, vundet samtlige bjerge og kørt sig i den prikkede bjergtrøje;2
..kynisme, i en meget kontant form.. ; da Armstrong smadrer alle konkurrenter og vinder en bjergetape i Pyrenæerne;2
Det er jo en ren Pentagon, der her. Der sidder jo en masse topguns der .. med Botero, den spanske forbindelse.. ; US Postal, ONCE og Kelmes Botero fører an i jagten på Jalabert;2
Han kører med et godt alibi, det gør han.. ; da ONCEs Nozal bare kører på hjul af Jalabert og Dufeaux i et udbrud;2
Der er også brug for jern .. der bliver i hvert fald gået til stålet..;;2
Axel Merckx hentes af posttoget.. ; den unge Merckx hentes af US Postal;2
Jeg tror, det bliver en ny omgang amerikansk fastfood.. ; umiddelbart før Jalabert hentes af Armstrong;2
Man har også lov til at se løbet med hjertet.. ;" Olano efterlades på et bjerg, og Mader og Leth forsøger at retfærdiggøre deres indledningsvise tro på en ""remotiveret"" Abraham Olano i 2002";2
..har lige afleveret vand, og nu bliver han selv afleveret .. af feltet.. ; Stuart O'Grady hænger på et bjerg efter at have hentet vand til bl.a. knockoutkongen Moreau;2
Han laver om på løbets logik .. vender tingene på hovedet .. men med stor autoritet. Det er ikke en indskrænkende horisont, han viser der.. ; Mader og Leth kammer helt over, da Jalabert er på bjergudflugt med Dufeaux;2
..en mand der slapper af .. er, som han er .. kører, som han er.. ; da Jalabert strækker benene efter at have vundet etapens næstsidste bjerg Col de Port;2
Leth: ..og her ekpressen fra Taskent. Mader: ..han ligner nu mere et godstog på sidespor.. ; på en bjergetape ser man Abdoujaparov kæmpe sig over et højt bjergpas lang tid efter de forreste;2
Leth: ..de ryger afsted som løst krudt. Mader: ..men tilgengæld bliver de skud ned med skarpt.. ; under ungdoms-VM i Colombia, hvor italienerne er totalt dominerende og kører alle udbrud ind;2
Mader: ..han er sat, Extebaria er sat. Leth: ..ja han er plantet midt på stigningen. Mader: ..det er en planteskole, vi kikker på.;;2
..intet er sandsynligt.. ; et umotiveret udbrud fra Mader;2
Mader: ..se hvor strømlinet han er. Leth: ..ja, og med den hjelm, den fylder han godt ud.. ; Escartin står klar på rampen før en enkeltstart;2
..så hold dog din kæft, kælling.. ; efter en hård bjergetape spørger Line Baun Danielsen Brian Holm, om det var hårdt;2
Han er solkongen i gult.. ; Mader om Lance Armstrong;2
..som en gul raket mod månen.. ; Mader om Lance Armstrong;2
Armstrong mod det golde bjerg.. ; Mader om Lance Armstrong;2
Det er næsten gul galskab.. ; Mader om Lance Armstrong;2
..trædende igennem den udslukte vulkan.. ; om Virenque på den sidste kilometer på Mont Ventoux;2
..som en ridder Lancelot bestiger han Mont Ventoux.. ; Mader om Armstrong;2
Det ophøjede helvede.. ; Mader om Mont Ventoux;2
Bjergene synger til tonerne af Laurant Jalaberts hjul.. ; Mader om afskeden med Pyrenæerne;2
Grundig kvikrens af Jalabert.. ; Mader om den erhvervede bjergtrøje;2
Den vilde rullende appelsin.. ; Mader om Extebarria;2
Leth: ..den store del af madpakken. Leth: ..hovedretten.. ; om bjergene på den sidste del af touren i 2002;2
På lur som en lille orange kanonkugle.. ; Mader om Extebarria i den orange Euskaltel-trøje;2
Knockoutkongen taler fra canvas'en nu.. ; da Moreau sættes på bjerget;2
Tæskeholdsformanden sat af.. ; knockoutkongen Moreau sættes på bjerget;2
..og her, den lille appelsin, Extebarria .. hm, ja han er vel snarere en mandarin..;;2
Disse klodsede hjelme der gør rytterne grimme og ukendelige.. ; Leth er frustreret over, at han igen har taget fejl af en rytter;2
Jalabert spiller rollen engang til for statsministeren.. ; fra etapen, hvor statsminister Anders Fogh var med i Riis' bil og Jalabert for anden dag i træk gik i udbrud;2
Er det en kasket eller en pandekage, han kører rundt med i baglommen..;;2
Der er laaaang lørdag i feltet.. ; på vej op mod Mont Ventoux;2
Manden de kaldte hest .. i dag var han bedst.. ; Garcia Acosta minder, ifølge Mader, meget om en hest;2
Hamilton er en stodder, der virkelig kan finde ud af at æde sit eget lort.. ; Frank Høj taler lige ud af posen;2
Det er svært for en amerikaner at blive en flyvende hollænder.. ; om Levi Leipheimer;2
Man kan ikke rigtigt tage en rytter som Extebarria alvorligt .. han kører jo med i alle udbrud..;;2
Vi rejser os og klapper af dig Bjarne..;;2
Det er et grådigt felt.. ; da endnu et udbrudsforsøg køres ind af feltet;2
En generøs scoring af Jon Dahl.. ; Maders mening om Danmarks føringsmål mod Uruguay;2
Han er jo en mand, der tager hver etape og gir dem et kys.. ; Mader om Jalabert;2
Etzebarria hænger .. Etzebarria er ved at blive sat af. Han hænger som en overmoden appelsin, nede bagved..;;2
Han sidder så grimt på en cykel, kører fra side til side, men det går hurtigt, ingen tvivl om det.. ; om Sergei Gontchar;2
Hvorfor er en kilometer så meget længere når den går på skrå..;;2
Der var på tur sammen med Merckx .. Axel Merckx .. Eddie kan kun køre på tandem nu..;;2
Han går i skole .. han sidder på skolebænken dér.. ; Leth om Nozal i dennes udbrud med Dufaux og Jalabert;2
Sastre er mindre formuleret end Moreau.. ; i en forklaring om slagsmålet mellem Moreau og Sastre;2
..og hvad er det EU står for: Enkelt og unikt.. ; Maders mening, mens Anders Fogh bliver filmet;2
..uindtagelig .. indtil den altså blev .. indtaget.. ; Leth om en fæstning på ruten;2
I går savede han benene af Bugno .. i dag graver han dem ned.. ; en yngre rytter har sat den gamle mester eftertrykkeligt på plads;2
Han smelter som en klat smør på en varm stegepande.. ; den gule trøje, Cedric Vasseur må modvilligt forlade Touren midt under en bjergetape på grund af udmattelse;2
Det lille egern med det danske ben.. ; Jørn & Jørgen har altid gjort meget ud af Tony Rominger kvarte danske ophav;2
Den lille elefantino med de store ører.. ; om Marco Pantani;2
Her den store tyske telefonbog .. og der er slået op på de gule sider.. ; Telekom-holdet, med Ullrich i den gule trøje sætter tempo i front af feltet;2
Den store hvide mund.. ; om Riis;2
Riis sidder i tronstolen.. ; om Bjarne Riis;2
Han syr sig gennem terrænet.. ; om Riis;2
Riis' blotte tilstedeværelse på touren giver løbet et skær af autencitet..;;2
Kirsipuu er kogt .. hvis man smider porrer og gulerødder ned i gryden til ham har man estisk suppe..;;2
Han cykler som på en skulptur.. ; om Indurain i '94 eller '95, hvor han havde fået en flot ny enkeltstartscykel;2
Spørgsmålet er, om posten kommer ud til tiden.. ; Mader gætter på, om US Postal henter Jalabert;2
Han hugger dem af på salami metoden.. ; således formulerer Mader det, da Jalabert udbygger sit forspring;2
Bagest i feltet hænger Kirsipuu som en redningskrans der er kastet ud..;;2
Axel Mercxk har 46 km. til mål .. det samme har de andre 6.. ; Mader har regnet den ud!;2
..men Sastre kan altså godt tage boksehjelmen af nu .. Christophe Moreau ude af årets Tour de France.. ; da knockoutkongen Moreau udgik på den første Alpe-etape efter et styrt.;2
Godt tidspunkt her op til Alperne, at Sastre finder sine ben.. ; da CSC Tiscalis Sastre endelig angriber på en bjergetape;2
Botero .. ikke smuk stilisme .. men effektiv.. ; Santiago Botero er på vej til at vinde etapen til Les Deux Alpes;2
Extebarria, den lille rullende appelsin..;;2
Texas' gule rose er også en tidsel .. man kan stikke sig på.. ; da Armstrong henter Beloki kort før målstregen;2
Zabel som i øvrigt har en blondine som kone.. ; Maders umotiverede kommentar, da man ser Zabel i gult i starten af Touren 2002;2
Azevedo brugte Jalabert og Virenque som elevator..;;2
Stjernen blinkede i hans solbriller.. ; da man ser etapevinderen Botero i slow motion;2
Se Armstrong uden hænder på cyklen, som de store drenge på gaden..;;2
..de nærmest hænger i landskabet .. som nogle kæmper, der er slået i stykker.. ; Mader reflekterer over nogle af Mont Blancs mindre brugte og velholdte skilifter;2
Mange store ryttere har udtrykt sig i dette terræn.. ; Leth om området ved Col du Galibier;2
..som noget nyt krudt, der gjorde det hele eksplosivt.. ; Mader om Hincapies indledende føringer for Armstrong indtil Heras tager over;2
Det er alle ryttere, som har bestilt plads i gryden.. ; Mader mener ikke, at der er de store chancer for, at folk som Zabel og Jens Voigt kommer med Armstrong-gruppen over Col du Galibier;2
Boogerd kører .. Boogerd kører væk .. på vej ud på det togt, man har ventet sig i årevis..;;2
Der er øget til feltet .. som trækker ind på gruppen .. nu står de stille.. ; lad mig lige forstå det rigtigt: først øges der til feltet, som ikke giver sig og indenfor samme sekund haler ind igen, hvorefter de tilsyneladende resignerer ... alt sammen indenfor få sekunder af den Maderske tid;2
..og så nyt angreb, Stuart O'Grady .. overraskende .. PAUSE .. for at køre spurten.. ; da O'Grady meget overraskende smutter fra feltet på en bjergetape. Mader prøvet at retfærdiggøre O'Gradys angreb med at han vil sikre sig point i den indlagte spurt, som er 30 km. væk!!;2
..ja, det er næsten som en drage, der flyver baglæns .. med halen først.. ; om feltet;2
Boogerd danser med Madeleine .. en nådesløs affære.. ; Rabobanks Michael Boogerd er alene på vej op ad Col de Madeleine;2
..og nu blæser kavaleriet i hornet.. ; da US Postal sætter gang i forfølgelsen af Boogerd og Jalabert-gruppen;2
En brutal dame med lange ben, denne Madeleine.. ; Mader vurderer Col de Madeleine;2
..også Jimmy Casper ude .. som om han aldrig nogensinde har været inde i løbet.. ; Mader er tilsyneladende utilfreds med indsatsen fra den unge Francaise De Jeux-sprinter;2
Så rider det blå kavaleri igen .. med fransk agterlanterne.. ; den franske mester Vogondy afslutter hovedfeltet på jagten efter Boogerd og Jalabert-gruppen;2
..men når Armstrong kører, så blir han stående som en standerLAMPRE.. ; Maders ordspil om Lampres Rumsas;2
Leth: ..han smiler. Mader: ..ja, men det er en smertens smil.. ; da Mapeis Martinez indhenter en forcerende gruppe;2
Vi så Virenque hang gevaldigt med klarineten dernede..;;2
..Heras, nede og hente vand .. det kan man også bruge millionærer til..;;2
Han sidder, som i en børnestol der er alt for lille til ham.. ; om Dierckxsens, da han begynder at koge på vej op ad La Plagne;2
..og her Dierckxsens, der kører med et udtryk der siger: kom væk eller jeg spiser jer..;;2
Nede bagved synker de, som sten i vandet..;;2
..og her ser vi køer på højre side af vejen. Køer, som altså giver mælken .. til egnen .. og som sørger for de fremragende oste fra Bretagne-området..;;2
Michael Boogerd tager den barske Madeleine med de lange ben.. ; da Boogerd vinder Col de Madeleine og senere etapen;2
Mader: ..han danser med en dame som en mand. Leth: ..Ja, han fører an.. ; om Virenques kamp for at holde kontakt med førefeltet;2
De falder som fluer i et køleskab..;;2
CSC: Sastre kan lade det ske.. ; Maders selvopfundne ordsprog, da Carlos Sastre er på vej til sin første Tour-sejr på 2003 Tourens første Pyrenæer-etape.;2
Er der bjørne i Pyrenæerne, spørges der ofte om .. men der er i hvert fald Carlos'er.. ; Maders fuldstændigt umotiverede sammenligning efter Sastres etapesejr i 2003.;2
Det skyldes hans dekoration verbalt.. ; Mader vurderer Cippolinis manglende deltagelse pga. sine negative udtalelser om løbsdirektør le Blanc.;2
Seinen smiler som en smuk blondine..;;2
Han vil være som en vampyr, der snuser blod.. ; Maders vurdering af Gilberto Simoni, der er kørt langt bagud i klassementet, men er i udbrud med 11 minutter til feltet med Armstrong.;2
Vinokourov med det lille blide ansigt og den store kæmpe kraft..;;2
Et landskab, som næsten har afrohår.. ; Mader om et landskab med mange buske;2
De falder af som krummer fra en kage..;;2
Det er snart lige så vigtigt at have en bandage på kroppen for rytterne, som det er at have en tatovering i en motorcykelklub.. ; Mader om de mange styrt;2
Virenque kører væk! .. og Aldag bliver stående som et træ i Harzen..;;2
En etape som et postkort .. og lad os håbe den får et dansk frimærke..;;2
Garcia Acosta med det store, hesteagtige hoved.. ; Maders uforbeholdne mening om Acosta;2
Godt, de har hjelm på.. ; Mader, da feltet bliver filmet på hovedet;2
Uindtagelig .. indtil den altså blev .. indtaget.. ; Leth fabulerer over en lettere utilgængelig fæstning på ruten;2
..og Michael Douglas trækker feltet.. ; da Mader opdager, at feltet ikke trækkes af den aldrende amerikanske skuespiller, forsvares kommentaren med at der jo er så mange amerikanske skuespillere dernede i forbindelse med Touren;2
..og her kører de to tyskere sammen opad.. ; da Mader ser de to Telekom-ryttere, kazakstaneren Vinokuorov og tyskeren Jaksche;2
Det er næsten Pyramidalsk .. husene er placeret næsten som en cirkel.. ; Leth opfinder her et fuldstændigt nyt ord over temaet de cirkulære pyramider;2
..et hold af vagabonder og billige folk fra Colombia.. ; Leth har ikke meget tilovers for Kelme-holdet anno 2000;2
..kører over for rødt .. det må man godt, når man er i gult.. ; om Armstrong på den afsluttende enkeltstart;2
Leth: Der er suspense i feltet .. Mader (tænker længe): Suspense, hvad betyder det egentlig? .. Leth (konstaterende): spænding..;;2
Han ser ud som om han er på skovtur .. asfaltdanseren Simoni.. ; Giro d'Italia-vinderen Gilberto Simoni har for en gangs skyld gode ben på en Tour-etape;2
En arrogant, men god fransk motor.. ; om Christophe Moreau;2
Med tyske cylindre så store som tønder.. ; om Ullrichs store motor;2
Leth: ..og nu overhaler han dem bagfra. Mader: ..ja, han overhaler dem ikke forfra.. ; da Armstrong efter at have været styrtet på en bjergetape, kører tilbage til førergruppen og forbi dem til etapesejr;2
Armstrong kan nærmest bombardere asfalten med sin krop uden at tage skade.. ; under den sidste enkeltstart snakkes der om, at Hamilton let kommer til skade ved styrt;2
Dér røg første trin på raketten.. ; da Mader observerer, at Indurains vandflaske bag sadlen tabes under en tidskørsel;2
Der bli'r ingen stor appelsinhøst i dag ; Mader om det orange Euskatel-hold i holdkørslen 2003;2
Cowboyen har trukket fra læderet .. begge seksløbere.. ; da Armstrong kører i mål efter holdkørslen 2003;2
Det er et bageri han kører i.. ;  da Piil kører ind i varmen på havnefronten i Marseille;2
Han har været god til at sætte kræfter i banken .. her hæver han dem alle.. ; da Piil vinder etapen til Marseille i 2003;2
De skalpelagtige snit han lavede.. ; om Iban Mayo på Alpe d'Huez;2
Den lange lædermand fra Baskerlandet.. ; om Laiseka på bjergenkeltstarten i 2003;2
Kraftværket fra Rostock.. ; om Ullrich;2
Klar til at skære luftrummet med sin skalpel af en cykel.. ; om Mayo på bjergenkeltstarten i 2003;2
En stor bastant trampende tysker.. ; om Ullrich;2
En torpedo, der skydes gennem luftrummet.. ; om Ullrich;2
Ullrich .. en bombe af kraft.. ; om Ullrich;2
Ullrich nærmest pløjer asfalten op.. ; om Ullrich på den regnvåde sidste enkeltstart i 2003, hvor han kun manglede 1:15 til Armstrong;2
Benene går som store stempler på den tyske maskine.. ; om Ullrich;2
..en rullende bismarcksklump.. ; om Ullrich;2
Ullrich taler med store bogstaver i dag.. ; Leth giver sit besyv med om Ullrich;2
..ramt af et bjerg.. ; da Heras har problemer;2
Der er slukket for turbinen.. ; om Ullrich;2
..et kørende harmonika-pissoir.. ; da Armstrong træder af på naturens vegne i fart;2
Ullrichs pedaler spiller heavy.. ; kort før Ullrich styrter på den regnvåde enkeltstart i 2003;2
De bundgarnspæle af nogle ben.. ; før Ullrich styrter på den sidste enkeltstart i 2003;2
..pløjer gennem vandet som en gul skalpel.. ; om Armstrong;2
..ja, han er et meget stort korpus.. ; om GAN-mandskabets Eros Poli;2
..ja, fornuft var ikke noget, der prægede Bahamontes .. han var en vanvittig mand..;;2
Telekom har fat i dørhåndtaget .. og har også nøglen .. der er ingen pardon.. ; Zabels lejesvende kører igen alle indbrud ind;2
En sand mester .. han slår igen som ekkoet fra klokken i katedralen i Chateureaux..;;2
Mader: Ullrich, Terminatoren! Hvis Arnold Schwarzenegger var her som tilskuer ville han sige 'Du skal da vist være med i min næste film!' .. Leth: he he..;;2
Han sidder som en gul skorsten i feltet.. ; om Indurain;2
..hamrende hård varme .. som om at stikke hovedet hen over et bål.. ; der er tale om en meget varm etape;2
Leth (øjnende et slot i udkanten af skærmbilledet): Det var her Ludvig d.14 blev rød i hovedet af jalousi .. (lang pause) .. Mader: Ja, rød .. rød som rønnebær .. rønnebærene er blevet sure .. fordi nogen synes CSC har kørt dårligt i år.. ; en perleredning af Mader, da Leth har vovet sig ud i endnu en opdigtet historie;2
Der har vi Verner. Verner fra Hvidovre Posthus .. sammen med sin kone Inge. Verner og Inge..;;2
Rominger ude til venstre .. pakket ind, som var han med i Silent Movie..;;2
Som man kan se, svinger vejen den forkerte vej.. ; Mader ved nok hvordan vejen burde svinge;2
..og netop dette faktum at Jean-Marie Leblanc kan rumme alt den mad han jo er forpligtet til at indtage, som vært for et sådan løb, vidner jo om hvor stor en personlighed han i virkeligheden er.. ; Mader (uden tvivl med et stjålent blik til sin egen tiltagende kuffert) væver flot en forbindelse mellem mængden af mad en person kan indtage og vedkommendes karakteregenskaber;2
Nu synger den lille fugl i sin sadel..  ; italieneren Claudio Chiappucci i et udbrudsforsøg;2
Det klarede vi skide godt.. ; Mader til Leth, da han tror at transmissionen er forbi;2
Han falder gennem feltet .. som et blylod i vand..;;2
Pludselig skete der et styrt foran mig .. så kørte jeg bare med fuld skrue ind i en gammel dame.. ; Jesper Skibby;2
Magen til selvtillid skal man lede i Scientology efter..;;2
De andre ryttere er som disciple i Indurains tohjulede cykelkatedral.. ; Leth funderer over Indurains styrke;2
Indurain er reduceret til alterdreng i Riis' rullende katedral.. ; Leth ser noget nærmest religiøst i Riis' styrke;2
Armstrong er i gang med at skrælle appelsiner (da Armstrong kører fra et par at de orange ryttere) .. sekundet efter kommer et billede af en hårdarbejdende Ulrich, hvorefter Mader supplerer: Og Ulrich presser dem..;;2
..tyktflydende egoisme udover de franske landeveje, et russisk missil, er sendt af sted.. ; om Berzins enkeltstart;2
Der er han så, den lille upålidelige russer.. ; Berzin ude på enkeltstartsruten;2
En ualmindelig indviklet rundkørsel..;;2
Indurain smider tungen frem .. som en myresluger .. Indurain spiser grådigt alle de sekunder han kan..;;2
Det runde tråd med det lille hump.. ; Mader om den lettere pukkelryggede Rominger;2
Hans blanke isse lyner som Athenes sværd i den nedgående franske aftensol..;;2
Velkommen til verdens største rullende apotek.. ; Maders indleder en liveudsendelse med denne replik, da den store dopingskandale ruller;2
Man skulle jo nærmest tro han gik efter den grønne trøje.. ; om Ullrich, der i en rigtig kulhydratsbrændert glemmer at dreje og havner i et buskads;2
Sastre, som Riis næsten hentede i en sivkurv i Spanien og lærte at flyve.. ; Mader kammer endnu engang over og sammenligner noget storladent Riis' opdagelse af Sastre med den gammeltestamentlige fortælling om Moses' dramatiske barndom;2
Hængende som en italiensk natlampe .. som et katteøje på en gondol.. ; en italiensk rytter sidder bagerst i feltet;2
Han hænger som en gammel brugt taske .. uden indhold.. ; om Laiseka;2
Som en ridder .. ridderen Lancelot, bestiger han damen Mont Ventoux..;;2
Der er flere amerikanere med i det udbrud, end der er svenskere i Helsingør..;;2
Han slår jo alle de andre med en dunhammer .. det store tyske kraftværk.. ; Mader er ikke den store havemand;2
De falder jo som fluer i en fryseboks..;;2
..og her ekspressen fra Tasjkent .. han ligner nu mere et godstog på sidespor.. ; om Abdoujaparov på vej over et bjergpas;2
Kirsipuu .. ja, tillykke med fødselsdagen og tak for i dag.. ; Kirsipuu bliver sat på et bjerg på sin fødselsdag;2
Indurain blev stegt i sin egen pande i Pamplona, med gult smør..;;2
Den usynlige, generte konfirmant.. ; om Beloki;2
Han rejser sig op .. ser sig tilbage .. hvor stort er mit hul?.. ; Leth taler før han tænker;2
Se hans trøje, blæser i vinden .. som var det englevinger .. mens bådene i havnen hylder ham. De ved han er fra en stor havneby.. ; da Jacob Piil vinder i Marseille;2
Når solen skinner på Seinen, er det som en blondine, der blinker til dig..;;2
Kurverne her i Pyrænæerne er mere bløde, mere sensuelle end i Alperne..;;2
Leth: Hvordan oplevede du styrtet? .. Skibby: Jaeh, vi kom kørende, og så væltede de.. ; til forskel fra Leth gør Skibby ikke mere ud af tingene, end nødvendigt er;2
..og her kommer pedalismen op i mundvigene på ham.. ; pedalismen?;2
Et landskab som næsten har afrohår.. ; Mader om et landskab med mange buske;2
Med ét ord kan man kalde det dårlig forberedelse..;;2
Han ridder den cykel, som en kælling skal rides.. ;indsendt af Kristian;2
Leth: Ja, det er jo alle de syge, der sidder der!;om en gruppetto på en bjergetape;2
Leth: Dramatisk situation! Han kører den forkerte vej.;om Tyler Hamilton, som står af;2
..det er som at sammenligne et tordenskrald med Rundetårn(!);Leth sammenligning af Armstrong i forhold til andre store vindere, som vist nok (forbehold: vi ved jo aldrig helt, hvad der er op og ned i Leths kringlede univers) går på, at Armstrong er i en helt anden klasse end alle andre pedalister :o);2
..Sabaliaukas, Saubalikas .. Marius til fornavn;Leth har igen kigget dybt i rødvinsflasken med deraf følgende problemer med synet og udtalelsen;2
Leth: Han meldte sig ud af høreklubben;da Virenque som tog sin øresnegl af;2
Mader: Prøv du at forklare en Eddy Merckx at hans to medhjælpere er en healer og en jærgersoldat;Mader fabulerer om Kannibalens hypotetiske reaktion, da der skiftes til Tyler Hamiltons hjælpere;2
..alle dem der går rundt her, ligner noget fra før istiden;Mader er ikke imponeret over baskernes fremtoning;2
Mader: Riis kigger ned på Hamiltons ben. Han kan læse svedperler som bogstaver..;;2
..det er grand prix-vinderen fra Baskerlandet vi hører;Mader har ikke meget til overs for hverken grand prix-musik eller de baskere, der går rundt uden for kommentatorboksene med koklokker;2
Leth: Ja, han er freelance;om Frigo som har dopet sig alene;2
Der findes ingen evolutionsteori. Kun en liste over dyr, Chuck Norris har tilladt at leve.;;3
Chuck Norris sover ikke. Han venter.;;3
Der er ingen hage under Chuck Norris' skæg. Der er endnu en knytnæve.;;3
Når bussemanden går i seng, kigger han under sengen efter Chuck Norris.;;3
Det ydre rum eksisterer, fordi det ikke tør være på samme planet som Chuck Norris.;;3
Chuck Norris er grunden til, at Holger gemmer sig.;;3
Når Chuck Norris laver armbøjninger, løfter han ikke sig selv op, han skubber jorden ned.;;3
Chuck Norris' hånd er den eneste hånd, der kan slå en royal straight flush.;;3
Der findes ikke global opvarmning. Chuck Norris frøs, så han skruede lidt op for solen.;;3
Chuck Norris bruger ikke ur. Han bestemmer, hvad klokken er.;;3
Der findes ikke racer, bare en samling af mennesker, Chuck Norris har banket til forskellige nuancer af gul og sort.;;3
Chuck Norris kan dividere med 0.;;3
Chuck Norris vandt engang verdensmesterskabet i poker med en joker, et gå-i-fængsel kort fra Matador og den grønne 4-er fra UNO.;;3
Slår du op i ordbogen under 'offer', står der: 'en, der har mødt Chuck Norris'.;;3
Chuck Norris bowler ikke strikes. Han rammer bare en tilfældig kegle, så besvimer de andre.;;3
Chuck Norris kan se '60 Minutes' på et kvarter.;;3
Bermuda-trekanten var oprindeligt Bermuda-firkanten, indtil Chuck Norris blev sur på et af hjørnerne.;;3
Superman sover i en Chuck Norris-pyjamas.;;3
Chuck Norris byggede Rom på en dag.;;3
Chuck Norris er den eneste, der har vundet en glo-konkurrence mod Stevie Wonder.;;3
Når Hulk bliver gal, bliver han til Chuck Norris.;;3
Giraffer er efterkommere fra den hest, Chuck Norris gav en uppercut.;;3
Alle elsker Raymond .. undtagen Chuck Norris.;;3
Chuck Norris slår både sten, papir og saks.;;3
Universet udvider sig, fordi det prøver at komme væk fra Chuck Norris.;;3
Når Arnold siger 'I'll be back', er det underforstået, at han vil hente Chuck Norris.;;3
Tyrene i Pamplona løber, fordi de har Chuck Norris lige i hælene.;;3
Chuck Norris bestemmer, hvor mange decimaler pi har.;;3
Chuck Norris byggede 'stairway to heaven'.;;3
Chuck Norris kan få black jack med et kort.;;3
Chuck Norris bruger kun stuntmænd i tyde-scener.;;3
Chuck Norris bærer Orions bælte.;;3
Chuck Norris var som ridder ved Kong Arthurs hof kendt som Sir BeatALot.;;3
Når Chuck Norris skærer løg, græder løgene.;;3
Chuck Norris har talt til uendelig ... 2 gange!;;3
Chuck Norris besøgte engang Jomfruøerne. Nu hedder de Øerne.;;3
Chuck Norris har ikke et alkoholproblem, alkohol har et Chuck Norris-problem.;;3
Hvorfor hedder det en endeskive, selv om det er den første skive af brødet?;;4
Hvilken farve har albino-får?;;4
Hvorfor hedder det en nummerplade, når der er flest bogstaver på?;;4
Kan en neger blegne?;;4
Hvis politiet anholder en stum mand, og de ligger ham i håndjern. Kan han så sagsøge dem for at hindre ham i at udtale sig?;;4
Sveder fisk?;;4
Hvorfor krymper får ikke, når det regner?;;4
Hvorfor er BH i ental og trusser i flertal?;;4
Er der er et andet ord for synonym?;;4
Hvorfor klæber lim ikke til indersiden af tuben?;;4
Kan man være skabs-klaustrofob?;;4
Hvad gør de andre på holdet, hvis en synkronsvømmer drukner?;;4
Hvis man spiser pasta og antipasta - er man så stadig lige sulten ?;;4
Hvorfor bærer kamikaze piloter flyverhjelm?;;4
Hvad sker der, hvis du har været halvdød af skræk 2 gange?;;4
Hvordan smider man en affaldscontainer væk?;;4
Burde krematorier give rabat til brandofre?;;4
Opfinder man nogensinde en soldrevet lommelygte?;;4
Skal amfibiedyr vente med at gå på land indtil en time efter, at de har spist?;;4
Hvordan kommer fyren, der kører sneploven, til arbejdet om morgenen?;;4
Kan man forestille sig en verden uden hypotetiske situationer?;;4
Er sterilitet arveligt?;;4
Hvis der ikke er noget der klæber på teflon, hvordan får de så teflon til at sidde fast på panderne?;;4
Hvorfor skruer man ned for lyden, når man sidder i bilen og ikke kan finde vej?;;4
Hvis man forsøger at bevise Murphys lov, vil tingene så stadig gå galt?;;4
"Hvorfor er ordet ""forkortelse"" så langt?";;4
Hvis majsolie kommer fra majs, hvor kommer babyolie så fra?;;4
Hvorfor steriliserer de nålen, inden en dødsdømt får sin sprøjte?;;4
Hvordan man ved, at det er på tide at stemme sin sækkepibe?;;4
Hvis et døvstumt barn bander, vasker mor så hans hænder med sæbe?;;4
Hvis en person med personlighedsspaltning, truer med at tage livet af sig, er det så en gidselsituation?;;4
Er det en succes, hvis en bog om fiasko ikke sælger godt?;;4
Hvorfor staves palindrom ikke ens forfra og bagfra?;;4
Hvad gør man, hvis man ser et udrydningstruet dyr, som spiser en giftig udrydningstruet plante?;;4
Kan tykke mænd få tynd mave?;;4
Når blinde mennesker bruger mørke solbriller, hvorfor bruger døve så ikke ørevarmere?;;4
Hvis Supermand virkelig er så smart, hvorfor har han så underbukserne udenpå?;;4
Holder man kaffepause på en te-fabrik?;;4
Hvorfor skal man have en aftale for at besøge en synsk?;;4
Hvorfor sømmer man låget fast på en kiste?;;4
Hvorfor er alfabetet i lige præcis den rækkefølge?;;4
"Hvorfor er ordet ""ordbog"" i en ordbog?";;4
Hvorfor er ens pegefinger præcis samme størrelse som ens næsebor?;;4
Hvorfor findes der ikke kattemad, der smager af mus?;;4
Syntes kyllinger, at gummi-mennesker er sjove?;;4
Hvorfor er der kun er ét monopoltilsyn?;;4
Hvordan ville en stol se ud, hvis vores knæ bøjede den anden vej?;;4
Hvis man kvæler en smølf, hvad farve får den så i hovedet?;;4
Hvad hedder det når man trykker på en kuglepen for at få den til at skrive?;;4
Hvis en ko kunne grine, ville der så komme mælk ud af dens næse?;;4
Hvorfor smasker man ikke ind i væggen når man hopper i et tog der kører med 100 km i timen?;;4
Hvornår ved man at man er løbet tør for usynligt blæk?;;4
Hvordan kan det være at næsen løber, og fødderne lugter?;;4
Brummer brumbasser fordi de ikke kan teksten?;;4
Hvordan kan det være at der aldrig er optaget når man ringer forkert?;;4
Hvordan skriver man 0 med romertal?;;4
Hvis svømning er så sundt, hvorfor ser hvaler så ud som de gør?;;4
Kan man tage noget imod kleptomani?;;4
Hvor hurtig er mørkets hastighed?;;4
Da man første gang opfandt uret, hvordan vidste man så hvad det skulle stilles til?;;4
Var det ikke kedeligt at opfinde den første telefon?;;4
Kan høns gå i gåsegang?;;4
Er dyre-shampoo blevet testet på mennesker?;;4
Hvorfor har mænd brystvorter?;;4
"Omtaler folk i Australien resten af verden som ""up over""?";;4
Hvordan kan der findes selvhjælps-grupper?;;4
Hvad er forskellen på at skrive noget op og at skrive noget ned?;;4
Hvor bred er en snæver vending?;;4
Har zebraer stribet flæsk?;;4
Hvorfor hedder det klart som blæk?;;4
"Hvorfor synes gamle, at det er så fedt at sige ""plejer - han er død"", og hvem var han?";;4
Hvem har Fedtmule fået sønnen Max sammen med?;;4
Hvad hedder der, når en ræv sover?;;4
Er man racist, hvis man hader racister?;;4
En mand, der begår en fejl og ikke retter den, begår endnu en fejl.;Kung Fu Tzu;5
Den, som aldrig gør en fejl, gør ikke så meget andet heller.;George Bernard Shaw;5
Når forandringens vinde blæser er der nogle der bygger læhegn, andre bygger vindmøller.;Gammelt kinesisk ordsprog;5
Hvis du altid gør, hvad du altid har gjort, vil du altid få, hvad du altid har fået.;Stanley Zarowin;5
Fantasi er vigtigere end viden.;Albert Einstein;5
Kvalitet er en vane, ikke en handling.;Aristoteles;5
At indse, at man er uvidende, er et godt skridt på vejen mod kundskab.;Benjamin Disraeli;5
At leve godt og lykkeligt er intet andet end at leve ærligt og retsindigt.;Cicero;5
Der er intet geni uden en smule galskab.;Aristoteles;5
Du kan ikke lære erfaring. Du må gennemleve den.;Albert Camus;5
En ekspert er en person, som har begået alle de fejl, som det er muligt at begå inden for et begrænset område.;Niels Bohr;5
At fejle er menneskeligt, at tilgive er guddommeligt.;Cicero;5
Har man ingen karakter, må man skaffe sig leveregler.;Albert Camus;5
Hvis du agter dig at erhverve navn og anseelse, da hold venskab med de store, hvis du derimod vil lade dig nøje med en god samvittighed, da gør vel mod almuen.;Ludvig Holberg;5
I en mands liv er der to tragedier: at have nået sine mål, og ikke at have nået dem.;Friedrich Nietzsche;5
Intet får mig til at tro, at Gud spiller terning med universet.;Albert Einstein;5
Ikke alene spiller Gud terninger, han snyder også.;Niels Bohr;5
Jo mere man vil, desto mere kan man.;Charles Baudelaire;5
Jeg ved kun, at jeg intet ved.;Sokrates;5
Lykken ligger ikke i selve lykken, men i arbejdet med at opnå den.;Fjodor Dostojevsky;5
Meget få mennesker lever i dag - de fleste forbereder sig på at leve i morgen.;Jonathan Swift;5
Når man taler til svinet i et menneske, får man svinet i tale. Når man taler til kongen i et menneske, får man kongen i tale.;Ukendt;5
Det er ikke fordi jeg er bange for at dø .. jeg vil bare ikke være der, når det sker.;Woody Allen;5
Du kan komme meget længere med et venligt ord og et gevær, end du kan med et venligt ord alene.;Al Capone;5
En klassiker er en bog, folk roser, men ikke læser.;Mark Twain;5
En kritiker er en mand, der kender vejen, men ikke kan køre vognen.;Kenneth Tyran;5
Jeg er tilhænger af alle religioner. Jeg ville ikke bryde mig om at tabe det evige liv på grund af en teknisk detalje.;Bob Hope;5
Tal i vrede, og du kommer til at holde den bedste tale, du nogensinde har fortrudt.;Winston Churchill;5
I Indien findes der ikke én politiker, der er modig nok til at forsøge at forklare folket, at køer kan ædes.;Indira Gandhi;5
Jeg vil bekæmpe dine meninger, men jeg vil dø for din ret til at have dem.;Francois de Voltaire;5
Kun døde fisk flyder med strømmen.;Ukendt;5
Det vigtige er at blive ved med at stille spørgsmål.;Albert Einstein;5
Jeg får ofte at vide at jeg er heldig. Sjovt nok er det sådan, at jo mere jeg øver mig, jo mere heldig er jeg.;Jack Nicklaus, golfspiller;5
Du forstår ikke noget, sådan rigtigt, før du kan forklare det til din bedstemor.;Albert Einstein;5
Hvis du skal have bygget et skib, skal du ikke kalde folk sammen for at samle træ og tømmer. Du skal ikke give dem opgaver og instruktioner, men vække deres længsel efter det åbne hav.;Antoine de Saint-Exupéry;5
Forøg aldrig, udover hvad der er nødvendigt, antallet af entiteter, der er påkrævet for at forklare hvad som helst.;William of Ockham (1285-1349);5
Hvordan kan vi egentlig vide, om Jorden ikke er en anden planets helvede?;Aldous Huxley;5
Hvis det eneste værktøj, du ejer, er en hammer, begynder ethvert problem at ligne et søm.;Abraham Maslow;5
Enhver tilstrækkelig avanceret teknologi er ikke til at skelne fra magi.;Arthur C. Clarke;5
Fejlen ved verden er, at de dumme er så skråsikre på alting og de begavede så fulde af tvivl.;Bertrand Russell;5
Kend reglerne så du ved, hvordan du bryder dem ordentligt.;Dalai Lama;5
Det ser ud til, at de danske spillere har fundet ud af, at der er hul mellem benene på den koreanske målvogter.;fra kvindehåndboldfinalen i Atlanta mod Korea (fra Gert Laursen);6
Han har simpelthen et venstreben, der er lige så giftigt som .. som .. som en lastbil fuld af klapperslanger!;fodboldkommentator Bent Otto Hansen (fra Jakob Melgaard);6
Her i langsom gengivelse, kan man tydeligt se, at de to spillere støder ind i hinanden nøjagtig samtidig.;Sportslørdags Niels Christiansen (fra Jan Christiansen);6
Aldrig har jeg set en bold med så meget bræk på.;en unavngiven kommentator beskrev meget malende et frisparksmål, som blev skruet op i hjørnet (fra Henning Thyrring);6
Tonje Kjærgård har scoret, men der lugter lidt af skridt.;Ukendt;6
Hvis man skal have den ind hos Heidi Tjugum, skal man have den helt .. op .. og kysse trekanten.;en afslørerende kommentar fra Lotte Kjærsgaard;6
Vi skal lige have stoppet spillet, da der skal tørres sved af i Heidi Tjugums ende.;en yderst pædagogisk forklaring på, hvorfor der er pause i spillet.;6
Bajads;En gavtyv eller en klovn. Kan også betyde spilopmager, spasmager eller gavstrik.;7
Badut;At springe badut eller gøre vilde manøvrer.;7
Badutspringer;En person der gør vilde spring. Nedsættende om en person, der hopper og springer for andre uden selv at have noget at skulle have sagt.;7
Baryl;Varyl eller baryler.;7
Besyv;At give sit besyv med i diskussionen.;7
Blusel;Skamfølelse. At gøre noget uden blusel. Kan også betyde menneskets ydre kønsorganer.;7
Bollemælk;Ikke at stikke op for bollemælk er ikke at give op for ingenting.;7
Bonkammerat;En særlig god kammerat og fortrolig.;7
Bovlam;Uden kraft og originalitet.;7
Charlatan;En person som bedrager andre ved at foregive at han er eller kan noget specielt.;7
Djærv;At udtrykke sig på en direkte måde.;7
Dovenlars;En doven person.;7
Døgenigt;En doven og uansvarlig person. En uansvarlig dovenlars :o);7
Dølgsmål;I dølgsmål er at gøre noget i det skjulte.;7
Emsig;Ivrigt foretagsom og nysgerrig på en irriterende måde. Kan også betyde geskæftig, nævenyttig eller entreprenant.;7
Festivitas;At noget er festligt.;7
Fiffig;Snu.;7
Filur;Lurifaks.;7
Finurlig;Snedig, fiffig eller udspekuleret.;7
Flottenhejmer;En ødsel person der har dyre vaner. Kan også betyde en ødeland.;7
Galpe;At gø eller sige noget på en højrøstet måde.;7
Gavstrik;Gavtyv. Kan også betyde spilopmager, spasmager eller bajads.;7
Gavtyv;En person som laver sjov og harmløse narrestreger. Kan også betyde spilopmager, spasmager, gavstrik eller bajads.;7
Gebommerlig;I meget høj grad. Kan også betyde overordentlig, kolossal eller vældig.;7
Gedigen;Ægte. Kan også betyde ren, lødig eller massiv.;7
Gedulgt;Hemmelig.;7
Gelassen;Overdrevent villig og hjælpsom.;7
Gelejde;Ledsage.;7
Gelinde;Udtryk for at noget foregår roligt og forsigtigt.;7
Gentil;En som opfører sig høfligt og nobelt og er imødekommende over for andre. kan også betyde elskværdig, imødekommende eller generøs.;7
Geråde;At komme i en ubehagelig situation eller stemning.;7
Geskæftig;Ivrigt og foretagsomt at organisere ting og blande sig i stort og småt. Kan også betyde emsig, nævenyttig eller entreprenant.;7
Gevalt;Advarende.;7
Gisne;Gætte.;7
Gæk;At drive gæk med nogen er at gøre nogen til nar eller lave sjov med dem.;7
Hillemænd;Et udtryk for mild bestyrtelse.;7
Husgeråd;Et redskab til madlavning.;7
Huskekage;En lussing.;7
Ingenlunde;Langtfra.;7
Kanalje;En person som er uopdragen og fræk. Kan også betyde slubbert, gavtyv eller skurk.;7
Kindhest;En lussing.;7
Klynkevorn;Hvis en person er tilbøjelig til at klynke.;7
Knibsk;Afvisende på en koket eller snerpet måde.;7
Kradsbørstig;Sur og ubehagelig i betydningen barsk, skrap eller kras.;7
Kæk;At handle uden bekymringer og med godt humør.;7
Kæltring;En person der snyder og generer andre. Kan også betyde en slyngel eller svindler.;7
Kålhøgen;Indbildsk.;7
Laban;En person der opfører sig frækt, især på en udspekuleret eller bevidst provokerende måde.;7
Landstryger;Vagabond.;7
Lurendrejer;Snu og upålidelig person der snyder andre.;7
Lurifaks;Filur.;7
Luskepeter;En lumsk og upålidelig person.;7
Moro;Morskab.;7
Nole;Stjæle.;7
Nuvel;Udtryk for at man accepterer noget.;7
Nævenyttig;Ivrigt og foretagsomt at organisere ting og blande sig i stort og småt. Kan også betyde emsig, geskægtig eller entreprenant.;7
Obsternasig;Meget og særdeles bevidst genstridig.;7
Olm;Rasende.;7
Opulent;Virker imponerende stor og overdådig.;7
Pernitten;Pedantisk.;7
Røffel;Et uformelt udtryk for utilfredshed med nogen fordi de har gjort noget forkert. Kan også betyde en overhaling eller opsang.;7
Sanddru;Ærlig og pålidelig.;7
Sjover;En gemen og hensynsløs person. Kan også betyde en slyngel.;7
Sjuft;Sjover.;7
Skarnsknægt;En dreng der laver ballade.;7
Skrømt;På skrømt er udtryk for at noget ser sådan ud, men ikke er tilfældet i virkeligheden.;7
Skærmydsel;Et mindre skænderi over uvæsentlige småting. Kan også betyde en uoverensstemmelse.;7
Slendrian;En gentagen forsømmelighed eller en doven og sjusket person.;7
Slubbert;Skurk. Kan også betyde gavtyv eller kanalje.;7
Spasmager;Gavtyv. Kan også betyde spilopmager, gavstrik eller bajads.;7
Spenderbukser;At have spenderbukserne på er at spendere meget på nogen eller noget.;7
Spilleme;Mildt kraftudtryk i stil med knageme, søreme og pokkerme.;7
Spilopmager;Gavtyv. Kan også betyde spasmager, gavstrik eller bajads.;7
Sporenstregs;Øeblikkelig.;7
Stovt;En person som er rank, modig og stolt.;7
Stratenrøver;En bandit.;7
Strik;Gavtyv.;7
Styrvolt;En uregerlig og voldsom person.;7
Ståhej;Overdreven anstrengelse, som skaber travlhed og forvirring. Kan også betyde hurlumhej, postyr eller væsen.;7
Taskenspiller;En tryllekunstner som spiller på øjenbedrag.;7
Tillige;Desuden.;7
Timelig;Noget som har med livet på jorden at gøre. Kan også betyde verdslig eller jordisk.;7
Trummerum;En vanepræget, dagligdags rutine.;7
Tudevorn;En som let kommer til at græde. Kan også betyde klynkevorn.;7
Tvinde;At tvinde noget betyder at sno flere tråde eller ender garn sammen til f.eks. en snor eller et reb.;7
Tværtom;Udtryk for at noget er direkte modsat af noget andet eller at det ikke er sandt.;7
Tvætte;Vaske.;7
Tøjlesløs;En som ikke tager hensyn til regler for god og moralsk opførsel. Kan også betyde tøjlesløst eller udsvævende.;7
Tøjte;En kvinde eller pige der er uforskammet eller skamløs. Kan også betyde en mær.;7
Uvorn;En som er uopdragen og fræk i sin opførsel. Bruges især om børn.;7
Vanartet;En som er uopdragen og uartig. Bruges især om børn.;7
Varyl;En baryl eller varyler.;7
Vederstyggelig;Modbydelig.;7
Vissevasse;Et udtryk for at noget er meningsløs snak. Kan også betyde vrøvl eller vås.;7
Vægelsindet;En som ikke kan træffe et valg, men skifter mening hele tiden. Kan også betyde vankelmodig eller ubeslutsom.;7
Værkbruden;En som er lammet af gigt.;7
Yngling;En ungersvend.;7
Yppe;At yppe kiv er at foranledige alvorlig uenighed.;7
Ødeland;En person der ødsler sine penge bort. Kan også betyde en flottenhejmer.;7
Ørefigen;Lussing;7
Alt der kan opfindes er blevet opfundet;Det amerikanske patentkontors chef Charles Duell i 1899;8
Det går ikke, sønnike, du må hellere begynde at køre lastbil igen.;Jim Denny, chefen for Grand Ole Opry i Nashville, til Elvis Presley i 1954;8
Vi kan ikke lide deres lyd. Grupper med guitarer er på vej ud.;Pladeselskabet Decca, da de sagde nej til Beatles i 1962;8
Jeg frygter ikke computere, kun mangel på dem.;Isaac Asimov;8
640 kilobytes ram burde være nok til alle.;Bill Gates (1981);8
Jeg tror OS/2 vil blive det mest betydningsfulde styresystem, ja program, nogenside.;Bill Gates;8
Jeg tror, at verdensmarkedet er på måske 5 computere;Thomas Watson, IBMs bestyrelsesformand, 1943;8
Internettet har ingen fremtid;;8
Hvis bilen havde fulgt den samme udvikling som computerindustrien, ville en Rolls-Royce i dag koste 100 dollars, køre en million kilometer på literen samt eksplodere hvert år og dræbe alle i den.;Robert X Cringely;8
Du kan få bilen i hvilken som helst farve, du ønsker, bare den er sort.;Henry Ford;8
"<a href=""http://computing.fandm.edu/alan/index.php"">Alan Sutter</a>";"en computermakker som arbejder med netværk og har en email adresse, der er lige så fin som hans navn <a href=""mailto:Alan.Sutter@FandM.edu"">Alan.Sutter@FandM.edu</a>, ""fandme du"", get it?";9
"<a href=""http://216.7.10.218/alive/eng10/eng10_page.cfm?pg=4&amppeopleID=90"">Bruce R. Kusse</a>";"professor i anvendt fysik med en ph.d. fra MIT og en cand.mon (""<b>cand</b>idat til <b>m</b>est <b>o</b>diøse <b>n</b>avn) fra bevs.dk.<br />Bruce er avanceret og har nu titel af ""Director of Master of Engineering Program"" ved <a href=""http://www.aep.cornell.edu/"">Cornell University</a>";9
"<a href=""http://www.museum.tv/archives/etv/D/htmlD/dillerbarry/dillerbarry.htm"">Barry Diller</a>";Barry hænger ud med den i den absolutte top af erhversledere indenfor fjernsynsbranchen, hvor han har ansvaret for reality shows som <i>Cops</i> og <i>America' Most Wanted</i> (lynch ham!), men omvendt også har beriget vores liv med <i>Married With Children</i> og <i>Simpsons</i>.<br />Diller er det skinnende eksempel på, at man kan nå toppen på trods af et latterligt navn.;9
"<a href=""http://www.llglaw.com/bios/rluder.php"">Robert J. Luder</a>";Bob Luder er (selvfølgelig) advokat. Hans arbejder primært indenfor så stolte retsfaglige områder som forsvar af kollegaer, der har skidt i nælderne samt forsikringsdækninger (sagde du svin?). Endelig excellerer han i det ypperligste indenfor amerikansk advokatvirksomhed, nemlig at hive mest muligt ud af lommerne på de uheldige, som uforvarende lægger kølerskærm til alskens forsøg på skadessvindel. (indsendt af Frank Axelsen);9
"<a href=""http://taberindustries.com/"">Taber Industries</a>";"for disse fyre gælder udsagnet: ""The sky's the limit"" (de producerer udstyr til rumindustrien).";9
"<a href=""http://www.ubersite.com/m/35583"">CHEW Shit Fun</a>";findes der i hele galaksen et ringere navn?<br />OBS! Siden er blevet fjernet pga. voldsom popularitet, men jeg har fundet dette mirror.;9
"<a href=""http://www.ipcfims.com/quality.htm"">FIMS Quality Control</a>";jeg <b>vil</b> ikke vide, hvad dette firma har specialiseret sig i.;9
"<a href=""http://www.svin.ch/svin/"">SVIN</a>";jeg har altid anet, der var noget om snakken ... schweiziske kvindelige ingeniører er nogle SVIN!;9
"<a href=""http://www.radiopik.bydgoszcz.pl/"">Radio PIK</a>";en polsk radiostation, hvor de garanteret hygger sig.;9
"<a href=""http://www.biology.villanova.edu/faculty/knepper/"">Janice E. Knepper</a>";jeg ved ikke .. det er noget med noget museforskning.;9
"<a href=""http://www.lort.org/"">LORT</a>";"på den fantastiske URL <a href=""http://www.lort.org/"">www.lort.org</a> kan du finde lort-officerer og læse om formålet med lort!";9
"<a href=""http://archive.msstate.edu/org/thetatau/members/463.html"">Mike Nosser</a>";tja...;9
"<a href=""http://www.daiglefisse.com/"">Daigle Fisse</a>";d'herrer Howard og Michael får .. ehh jeg mener .. er fra Daigle Fisse, et veletableret advokat(selvfølgelig)firma. (indsendt af Frank Axelsen);9
"<a href=""http://www.fh-fresenius.de/dekane.448.de.html?wiw%5Bperson%5D=272"">Prof. Dr. Thomas Knepper</a>";hvis du synes, hans navn er sjovt, så vent til du har set hans billede...;9
"<a href=""http://www.three-peaks.net/annette/Together.htm"">Michelle Knepper</a>";Knepper ved en masse om ernærnig.;9
"<a href=""http://www.item.ntnu.no/~rolvbra/"">Rolv Bræk</a>";norsk forsker og IT-nørd.;9
"<a href=""http://depts.washington.edu/mse/people/Directory-Emeritus.htm"">Robert G. Stang</a>";hmmm...;9
"<a href=""http://www.bme.utexas.edu/faculty/diller.cfm"">Kenneth R. Diller</a>";Holger Bech Nielsen har ringet. Han vil ha' sin butterfly tilbage...;9
"<a href=""http://www.pik-potsdam.de/"">PIK</a>";ja, den måtte altså med. PIK er naturligvis en forkortelse for <b>P</b>otsdams <b>I</b>nstitut for <b>K</b>lima efterforskning.;9
"<a href=""http://www.angelfire.com/nv/Sabresword/satan.html"">Miroslav Satan</a>";Den satans tjekke spiller venstre wing på Buffalo Sabres ishockeyhold i NHL ligaen.<br />Man aner visse familietræk.;9
"<a href=""http://www.helge.com/lewis_helgeson/rin0019.htm"">John Lort Lewis</a>";far til William.;9
"<a href=""http://www.ejge.com/2003/Ppr0339/Authors.htm"">Dr. Anil Kumar Dikshit</a>";tjek denne indiske professor ud.;9
"<a href=""http://ohiostatedrummajor.com/History/04Knepper.htm"">William Knepper</a>";kan mænd ernære sig som tambomajor?;9
"<a href=""http://www.asap.unimelb.edu.au/bsparcs/biogs/P000800b.htm"">John Lort Stokes</a>";Lort levede tilbage i 1800-tallet, hvor han ernærede sig som opdagelsesrejsende og forfatter.;9
"<a href=""http://web.simmons.edu/~tis/bio.htm"">Bruce Tis</a>";dr. Tis har Ph.D. datalogi og har også et udpræget nørdet udseende. Tænk at lade sig fotografere med en Unix bog på hylden ... tsk, tsk (indsendt af Mogens Wolkergreen);9
"<a href=""http://www.nina.no/applications/custom/search/employeedetails.asp?intActorID=1000113"">Niels Røv</a>";"er forsker med arbejdsfelter som bevaringsøkologi og søpattedyr ved det norske <a href=""http://www.nina.no/"">Norsk Institutt for Naturforskning</a>.";9
"<a href=""http://www.lem.com/"">LEM</a>";eksperter i elektronisk måleudstyr. Jeg vil ikke gætte på, hvad det er, de måler.;9
"<a href=""http://www.sse.cs.tu-bs.de/~rumpe/"">Dr. Bernhard Rumpe</a>";sidder på sin dertil indrettede i et professorat på Technische Universität Braunschweig.;9
"<a href=""http://sportsillustrated.cnn.com/football/nfl/players/6355/"">Kyle Boller</a>";Kyle Boller (og) er quarterback for Baltimore Ravens;9
"<a href=""http://www.webspresso.com/wknepper.htm"">Wilhelmus Kneppers efterkommere</a>";Wilhelmus blev født i 1691 i Tyskland, og på denne herlige side kan du følge hans slægts historie. Spændende læsning.;9
"<a href=""http://www.ronkusse.com/aboutus.html"">Ron Kusse</a>";Kusse fordriver tiden med lidt sløjd, hvor han fabrikerer fiskestænger med eksotiske og lettere underlødige navne som Beaverkill Special, The Black Troll Rod og en Ron Kusse Original :o);9
"<a href=""http://www.helge.com/lewis_helgeson/rin0020.htm"">William Lort Lewis</a>";på siden fremgår det, at gamle onkel Bill aldrig giftede sig, men at han levede som eneboer på en ranch i Wyoming med en masse heste! Hmmm...;9
"<a href=""http://www.cdchc.org/providers/country_doctor/Bob%20Fisse,%20PA-C.php"">Bob Fisse</a>";Desværre beskæftiger han sig ikke med gynækologi. I øvrigt et interessant bilede af familielægen.;9
