Aaron;1
Abdallah;1
Abdel;1
Abdul;1
Abel;1
Abraham;1
Absalon;1
Achim;1
Achton;1
Acton;1
Adam;1
Adelbert;1
Adil;1
Adils;1
Adin;1
Adolf;1
Adolfe;1
Adolph;1
Adrian;1
Adriano;1
Adser;1
Adwan;1
Agge;1
Agnar;1
Agne;1
Agner;1
Ahmed;1
Ahrendt;1
Ahrent;1
Aies;1
Aiko;1
Aimas;1
Ais;1
Ajes;1
Ajs;1
Akim;1
Aksel;1
Akton;1
Al;1
Aladdin;1
Alain;1
Alan;1
Alban;1
Albert;1
Alberth;1
Alberto;1
Albertus;1
Albin;1
Albinus;1
Albrecht;1
Albrekt;1
Albret;1
Aldo;1
Alec;1
Alek;1
Aleks;1
Aleksandar;1
Aleksander;1
Aleksej;1
Alex;1
Alexandar;1
Alexander;1
Alexis;1
Alexius;1
Alf;1
Alfred;1
Alger;1
Algot;1
Algoth;1
Algy;1
Ali;1
Alistair;1
All;1
Allan;1
Allen;1
Allon;1
Almar;1
Almer;1
Alois;1
Aloysius;1
Alvar;1
Alver;1
Alvin;1
Amadeus;1
Amand;1
Amandus;1
Ambjørn;1
Ambrosius;1
Amdi;1
Ammund;1
Amos;1
Amund;1
Anatol;1
Anatole;1
Ancher;1
Anders;1
Andi;1
Andras;1
Andre;1
André;1
Andreas;1
Andrei;1
Andrej;1
Andrés;1
Andrew;1
Andrias;1
Andry;1
Andy;1
Anfred;1
Angel;1
Angelo;1
Angul;1
Angus;1
Anker;1
Anselm;1
Ansgar;1
Ante;1
Anthon;1
Anthonio;1
Anthonius;1
Anthony;1
Antoine;1
Anton;1
Antoni;1
Antonio;1
Antonius;1
Antony;1
Apollo;1
Apollus;1
Aqqaluk;1
Aram;1
Archibald;1
Archie;1
Ard;1
Are;1
Arendt;1
Arent;1
Ari;1
Ariel;1
Arik;1
Arild;1
Arkibald;1
Arli;1
Arly;1
Armand;1
Armin;1
Arn;1
Arnbjørn;1
Arndt;1
Arne;1
Arnfred;1
Arni;1
Arnkil;1
Arno;1
Arnold;1
Arnt;1
Arnth;1
Aron;1
Arrild;1
Arthur;1
Artur;1
Arv;1
Arved;1
Arvi;1
Arvid;1
Asbjørn;1
Asfred;1
Asgar;1
Asger;1
Ashley;1
Ask;1
Aske;1
Asker;1
Askil;1
Askild;1
Aslak;1
Asmind;1
Asmund;1
Asmus;1
Asp;1
Asser;1
Assi;1
Asthor;1
Astor;1
Atle;1
Atli;1
Atos;1
Atte;1
Attila;1
Audun;1
Augo;1
August;1
Augustin;1
Augustinus;1
Augusto;1
Augustus;1
Axel;1
Bagge;1
Bahne;1
Baki;1
Balder;1
Baldrian;1
Balduin;1
Baldur;1
Balser;1
Baltazar;1
Balthasar;1
Balthazar;1
Baltser;1
Baltzer;1
Balzer;1
Bane;1
Barnabas;1
Barney;1
Barny;1
Barry;1
Bart;1
Bartel;1
Bartholemeus;1
Bartholemæus;1
Bartholomeus;1
Bartolemæus;1
Bartolomæus;1
Bastian;1
Bay;1
Behrend;1
Behrendt;1
Ben;1
Bendiks;1
Bendix;1
Bendt;1
Bendy;1
Benedict;1
Benedikt;1
Bengt;1
Benito;1
Benjamin;1
Benn;1
Benne;1
Bennet;1
Benni;1
Bennie;1
Benno;1
Benny;1
Benoni;1
Bent;1
Benth;1
Bentt;1
Berend;1
Berent;1
Berild;1
Bernard;1
Bernd;1
Berndt;1
Bernhard;1
Bernhardt;1
Berni;1
Bernino;1
Berno;1
Bernt;1
Bernth;1
Berny;1
Berry;1
Bert;1
Bertel;1
Berthel;1
Berthold;1
Bertil;1
Berto;1
Bertold;1
Bertolt;1
Bertram;1
Bertrand;1
Betino;1
Bill;1
Billy;1
Bing;1
Birge;1
Birger;1
Birk;1
Bjarke;1
Bjarki;1
Bjarne;1
Bjarni;1
Bjarno;1
Bjergi;1
Bjerke;1
Bjerne;1
Bjork;1
Bjørk;1
Bjørke;1
Bjørn;1
Bjørno;1
Blaise;1
Blas;1
Bo;1
Bob;1
Bobbi;1
Bobby;1
Bode;1
Bodo;1
Boe;1
Boi;1
Boie;1
Boj;1
Boje;1
Bonde;1
Bone;1
Bonne;1
Bonnik;1
Bonno;1
Bonny;1
Boris;1
Borris;1
Boy;1
Boyd;1
Boye;1
Brage;1
Bram;1
Brandur;1
Bredo;1
Brett;1
Brian;1
Brion;1
Broder;1
Bror;1
Bruce;1
Bruno;1
Bryan;1
Bryde;1
Brynjolf;1
Brynjolfur;1
Brynulf;1
Bue;1
Bugge;1
Bui;1
Buller;1
Buris;1
Buster;1
Buur;1
Byrge;1
Byrial;1
Bøje;1
Børge;1
Børre;1
Bård;1
Baard;1
Cai;1
Caj;1
Cajus;1
Calle;1
Calvin;1
Camillas;1
Camillo;1
Carit;1
Carl;1
Carlis;1
Carlo;1
Carlos;1
Carly;1
Carsten;1
Carter;1
Carton;1
Caspar;1
Casper;1
Cassius;1
Castello;1
Castor;1
Cato;1
Cay;1
Cecil;1
Cedric;1
Cedrik;1
Cem;1
Cendy;1
Cennet;1
Chano;1
Charles;1
Charley;1
Charli;1
Charlie;1
Charly;1
Chester;1
Chico;1
Chiko;1
Chres;1
Chresten;1
Chrestian;1
Chrilles;1
Chris;1
Christen;1
Christer;1
Christian;1
Christiern;1
Christof;1
Christoffer;1
Christoph;1
Christophe;1
Christopher;1
Ciano;1
Cilas;1
Cilius;1
Cim;1
Cimmi;1
Claes;1
Clarck;1
Clarence;1
Clark;1
Clas;1
Claude;1
Claudi;1
Claudio;1
Claudius;1
Claus;1
Clavs;1
Clemen;1
Clemens;1
Clement;1
Clemmen;1
Cliff;1
Clifford;1
Clint;1
Clive;1
Clyde;1
Colin;1
Columbus;1
Conrad;1
Constantin;1
Cordt;1
Corfits;1
Corfitz;1
Cornelis;1
Cornelius;1
Cort;1
Corty;1
Cosmus;1
Crilles;1
Cris;1
Crister;1
Cristian;1
Cristoffer;1
Cuno;1
Curd;1
Curt;1
Curtis;1
Cyril;1
Cyrill;1
Cæcilius;1
Cæsar;1
Daen;1
Dag;1
Dagfin;1
Dagfinn;1
Dagh;1
Damian;1
Dan;1
Dani;1
Daniel;1
Daniell;1
Danilo;1
Danjal;1
Dann;1
Danner;1
Danni;1
Dannie;1
Danny;1
Dany;1
Dargo;1
Dario;1
Darnell;1
Darvin;1
Darwin;1
Dave;1
David;1
Davie;1
Davy;1
Dean;1
Denis;1
Deniz;1
Denni;1
Dennik;1
Dennis;1
Denny;1
Derek;1
Derri;1
Derrick;1
Derrik;1
Derry;1
Desmond;1
Detlef;1
Detlev;1
Detmer;1
Devin;1
Dich;1
Dick;1
Dicky;1
Diderich;1
Diderik;1
Didrich;1
Didrik;1
Diego;1
Dieter;1
Dietrich;1
Dimitri;1
Dimitrij;1
Dimy;1
Dines;1
Dinny;1
Dino;1
Dion;1
Dirch;1
Dirk;1
Ditlef;1
Ditlev;1
Ditmar;1
Ditmer;1
Ditz;1
Dominic;1
Donald;1
Donni;1
Donny;1
Douglas;1
Dres;1
Dreves;1
Drevs;1
Dusinius;1
Dusinus;1
Dustin;1
Dylan;1
Dynes;1
Earl;1
Ebbe;1
Ebbi;1
Eber;1
Eberhard;1
Eberhardt;1
Echardt;1
Eckardt;1
Eckhard;1
Eckhardt;1
Eddi;1
Eddy;1
Edelhard;1
Edelhardt;1
Edelhart;1
Edgar;1
Edgard;1
Edgardo;1
Edi;1
Edlef;1
Edmond;1
Edmund;1
Edouard;1
Eduard;1
Eduardo;1
Edvard;1
Edvardt;1
Edvin;1
Edvind;1
Edward;1
Edwardt;1
Edwin;1
Efraim;1
Eg;1
Egan;1
Egbert;1
Egert;1
Eggert;1
Egil;1
Egild;1
Egill;1
Egmont;1
Egmund;1
Egmunt;1
Egon;1
Egun;1
Egund;1
Ehler;1
Ehlert;1
Eide;1
Eigil;1
Eigild;1
Eigill;1
Eik;1
Eilef;1
Eiler;1
Eilert;1
Eilev;1
Eilif;1
Einar;1
Einer;1
Einert;1
Eino;1
Eirik;1
Eitel;1
Eivin;1
Eivind;1
Ejgil;1
Ejgild;1
Ejlar;1
Ejlef;1
Ejler;1
Ejlert;1
Ejlev;1
Ejlif;1
Ejnar;1
Ejner;1
Ejnert;1
Ejno;1
Ejolf;1
Ejvin;1
Ejvind;1
Ekhard;1
Ekhardt;1
Elaf;1
Elan;1
Elav;1
Elef;1
Elert;1
Elfred;1
Elhardt;1
Eli;1
Elias;1
Elif;1
Elimar;1
Eliot;1
Elisius;1
Elit;1
Elith;1
Elius;1
Elliott;1
Elmar;1
Elmer;1
Elmo;1
Elmund;1
Elo;1
Elof;1
Elon;1
Elton;1
Eluf;1
Elvar;1
Elvard;1
Elver;1
Elvin;1
Elvind;1
Elvinus;1
Elvis;1
Elwin;1
Emanuel;1
Emiel;1
Emil;1
Emile;1
Emilio;1
Emilius;1
Emmanuel;1
Emmerich;1
Emmerik;1
Emmert;1
Emmery;1
Emmik;1
Emus;1
Enevold;1
Engelbert;1
Engelbrecht;1
Engelbrekt;1
Engelhard;1
Engelhardt;1
Enno;1
Eno;1
Enoch;1
Enok;1
Enrico;1
Enrique;1
Enver;1
Enzo;1
Erasmus;1
Erhard;1
Erhardt;1
Erhart;1
Eric;1
Erich;1
Erick;1
Erico;1
Erik;1
Eriko;1
Erin;1
Erkki;1
Erlan;1
Erland;1
Erlin;1
Erlind;1
Erling;1
Erly;1
Ernest;1
Ernfred;1
Ernhard;1
Ernhardt;1
Erno;1
Ernst;1
Eron;1
Errit;1
Errol;1
Ervin;1
Ervind;1
Erwill;1
Erwin;1
Erwind;1
Erwing;1
Esaias;1
Esajas;1
Esben;1
Esbern;1
Esbjørn;1
Esge;1
Esger;1
Eske;1
Eskil;1
Eskild;1
Espen;1
Esper;1
Ethan;1
Etlar;1
Eugen;1
Eugène;1
Evald;1
Evan;1
Even;1
Evert;1
Evin;1
Evind;1
Ewald;1
Ewan;1
Ewert;1
Eylef;1
Eylev;1
Eylif;1
Eyolf;1
Eyvin;1
Eyvind;1
Fabian;1
Falentin;1
Falk;1
Falke;1
Faustin;1
Faustino;1
Fedder;1
Feliks;1
Felix;1
Feodor;1
Ferdinand;1
Fernando;1
Ferry;1
Filip;1
Fillip;1
Fin;1
Find;1
Fini;1
Finn;1
Finni;1
Finnur;1
Fjodor;1
Flemming;1
Florian;1
Floyd;1
Fodor;1
Folke;1
Folker;1
Folkvar;1
Folkvard;1
Folmar;1
Folmer;1
Francesco;1
Franch;1
Francis;1
Francisco;1
Franck;1
François;1
Frands;1
Frank;1
Franker;1
Frankie;1
Franklin;1
Frans;1
Fransisco;1
Frants;1
Frantz;1
Franz;1
Fred;1
Freddi;1
Freddie;1
Freddy;1
Frede;1
Frederic;1
Frédéric;1
Frederich;1
Frederick;1
Frederik;1
Fredi;1
Fredrik;1
Fredy;1
Freilev;1
Freilif;1
Frej;1
Frejlev;1
Frejlif;1
Frevlif;1
Frey;1
Fribo;1
Fridlev;1
Fridolf;1
Fridolin;1
Fridthjof;1
Fridtjof;1
Friederich;1
Friedrich;1
Frilo;1
Frithiof;1
Frithjof;1
Fritjof;1
Frits;1
Fritz;1
Frode;1
Gabriel;1
Gary;1
Gaston;1
Gaute;1
Gavin;1
Geert;1
Geir;1
Gejr;1
Geno;1
Geo;1
Geoffrey;1
Georg;1
George;1
Georges;1
Georgios;1
Gerald;1
Gerbrand;1
Gerdt;1
Gerhard;1
Gerhardt;1
Gerhart;1
Gerlak;1
Gerland;1
Gerlef;1
Gerluf;1
German;1
Germann;1
Germind;1
Germund;1
Gerner;1
Gerrit;1
Gerrith;1
Gerry;1
Gerson;1
Gert;1
Gerth;1
Gerulf;1
Gervind;1
Gian;1
Giancarlo;1
Gianni;1
Giannino;1
Gilbert;1
Gino;1
Giovanni;1
Giulio;1
Giuseppe;1
Glean;1
Glen;1
Glenn;1
Glenny;1
Gleve;1
Godfred;1
Godik;1
Godske;1
Godtfred;1
Godvin;1
Gomme;1
Gordon;1
Gorm;1
Gotfred;1
Gothard;1
Gothardt;1
Gotlieb;1
Gottfred;1
Gottfried;1
Gotthard;1
Gotthardt;1
Gottlieb;1
Gravers;1
Graves;1
Greg;1
Greger;1
Gregers;1
Gregor;1
Gregorius;1
Greif;1
Grejs;1
Gudbjørn;1
Gudik;1
Gudman;1
Gudmand;1
Gudmar;1
Gudmund;1
Guido;1
Gullak;1
Gulliver;1
Gumme;1
Gunder;1
Gunnar;1
Gunner;1
Gunni;1
Gunnulf;1
Guno;1
Gunter;1
Gunther;1
Gunvald;1
Gustaf;1
Gustav;1
Gustave;1
Guttorm;1
Guy;1
Gynter;1
Gynther;1
Günther;1
Göran;1
Gösta;1
Gøtz;1
Götz;1
Hagbard;1
Hagbart;1
Hagbarth;1
Hagen;1
Haggi;1
Hajo;1
Hak;1
Hakki;1
Hakon;1
Hal;1
Haldor;1
Haldur;1
Halfdan;1
Halfred;1
Halldor;1
Halvard;1
Halvdan;1
Halvor;1
Hamid;1
Hampus;1
Hamund;1
Hannibal;1
Hanno;1
Hans;1
Hansmorten;1
Harald;1
Harding;1
Hardy;1
Harley;1
Harly;1
Harold;1
Harri;1
Harris;1
Harro;1
Harry;1
Hartvig;1
Hartwig;1
Hasan;1
Hassan;1
Hasse;1
Hassi;1
Hauge;1
Havard;1
Hector;1
Hegn;1
Heikki;1
Heiko;1
Heile;1
Heimer;1
Hein;1
Heine;1
Heiner;1
Heines;1
Heini;1
Heinike;1
Heino;1
Heinrich;1
Heinrick;1
Heinrik;1
Heins;1
Heintje;1
Heinz;1
Heise;1
Hejne;1
Hektor;1
Helfred;1
Helge;1
Helgi;1
Helgo;1
Hellmut;1
Hellmuth;1
Helman;1
Helmar;1
Helmer;1
Helmut;1
Helmuth;1
Hemming;1
Hendrik;1
Henning;1
Henri;1
Henrich;1
Henrik;1
Henry;1
Herbert;1
Heri;1
Herluf;1
Herman;1
Hermann;1
Hermod;1
Herold;1
Hervard;1
Hieronimus;1
Hieronymus;1
Hilbert;1
Hildebrand;1
Hilding;1
Hilmar;1
Hilmer;1
Hjalmar;1
Hjalmer;1
Hjalte;1
Hjarn;1
Hjarne;1
Hoder;1
Hold;1
Holger;1
Holm;1
Holme;1
Horst;1
Hother;1
Hovard;1
Howard;1
Hroar;1
Hrolf;1
Hubert;1
Hugh;1
Hugi;1
Hugin;1
Hugo;1
Humphrey;1
Høgne;1
Hågen;1
Haagen;1
Håkon;1
Haakon;1
Håvard;1
Haavard;1
Ian;1
Ib;1
Ibrahim;1
Ignatius;1
Ignazio;1
Igor;1
Imanuel;1
Immanuel;1
Imran;1
Ingbert;1
Ingeman;1
Ingemann;1
Ingemar;1
Ingemund;1
Ingevald;1
Ingi;1
Ingmar;1
Ingmund;1
Ingo;1
Ingolf;1
Ingvald;1
Ingvar;1
Invard;1
Ingvardt;1
Ingvart;1
Ingver;1
Ingvert;1
Ingvor;1
Ingwer;1
Ino;1
Ioannis;1
Ionas;1
Irving;1
Irwing;1
Isaac;1
Isac;1
Isak;1
Isegrim;1
Isidor;1
Istvan;1
Ivan;1
Ivar;1
Iver;1
Ivo;1
Iwan;1
Iwar;1
Iwer;1
Iørgen;1
Jaan;1
Jac;1
Jachim;1
Jack;1
Jacki;1
Jackie;1
Jacko;1
Jacky;1
Jaco;1
Jacob;1
Jacques;1
Jafet;1
Jahn;1
Jaime;1
Jais;1
Jakob;1
Jall;1
Jalte;1
Jamal;1
James;1
Jan;1
Janech;1
Janek;1
Janich;1
Janick;1
Jann;1
Jannec;1
Jannek;1
Jannic;1
Jannich;1
Jannick;1
Jannik;1
Jannis;1
Jano;1
Janos;1
Jansi;1
Janus;1
Jappe;1
Jari;1
Jaris;1
Jarl;1
Jarle;1
Jarne;1
Jarnick;1
Jarnik;1
Jarnis;1
Jarno;1
Jaron;1
Jason;1
Jaspar;1
Jasper;1
Jay;1
Jean;1
Jef;1
Jeff;1
Jeffi;1
Jeffrey;1
Jeffy;1
Jegor;1
Jegvan;1
Jeko;1
Jem;1
Jemo;1
Jen;1
Jens;1
Jep;1
Jeppe;1
Jeremias;1
Jeremy;1
Jerik;1
Jerk;1
Jerker;1
Jerome;1
Jérôme;1
Jeronimus;1
Jerri;1
Jerrik;1
Jerry;1
Jes;1
Jesper;1
Jess;1
Jesse;1
Jim;1
Jimi;1
Jimm;1
Jimmi;1
Jimmie;1
Jimmy;1
Joachim;1
Joacim;1
Joah;1
Joakim;1
Joas;1
Job;1
Jochum;1
Jock;1
Joe;1
Joel;1
Joël;1
Joen;1
Joey;1
Joh;1
Johan;1
Johann;1
Johannes;1
John;1
Johnas;1
Johni;1
Johnni;1
Johnny;1
Johny;1
Johs;1
Jokum;1
Jon;1
Jón;1
Jonas;1
Jonatan;1
Jonathan;1
Jonny;1
Joos;1
Joram;1
Joran;1
Jordy;1
Jorge;1
Jorn;1
Jorry;1
Jorst;1
Jos;1
José;1
Josef;1
Joseph;1
Josh;1
Joshua;1
Joshva;1
Josiah;1
Josias;1
Jost;1
Josua;1
Josva;1
Jovan;1
Jozef;1
Juan;1
Jules;1
Julian;1
Julien;1
Julius;1
Junker;1
Juri;1
Jussi;1
Just;1
Justian;1
Justin;1
Justus;1
Jürgen;1
Jøgvan;1
Jøren;1
Jørg;1
Jørgen;1
Jørk;1
Jørlief;1
Jørn;1
Kai;1
Kain;1
Kaino;1
Kaj;1
Kaleb;1
Kali;1
Kalle;1
Kamillo;1
Kamo;1
Karel;1
Kari;1
Karim;1
Karl;1
Karle;1
Karlis;1
Karljohan;1
Karlo;1
Karnis;1
Karno;1
Karol;1
Karolus;1
Karsten;1
Kasimir;1
Kasmir;1
Kaspar;1
Kasper;1
Kastor;1
Kay;1
Kean;1
Keen;1
Kees;1
Keith;1
Keld;1
Kell;1
Kelli;1
Kelly;1
Kelvin;1
Kem;1
Kemal;1
Ken;1
Kenan;1
Kenian;1
Kenn;1
Kennart;1
Kennert;1
Kennerth;1
Kennet;1
Kenneth;1
Kennett;1
Kenney;1
Kenni;1
Kennith;1
Kenno;1
Kenny;1
Kent;1
Kenth;1
Kento;1
Kenwin;1
Kermit;1
Kern;1
Kerner;1
Kerry;1
Ketel;1
Ketil;1
Kevan;1
Keven;1
Kevin;1
Kevyn;1
Kewan;1
Kewen;1
Kewin;1
Kian;1
Kield;1
Kiljon;1
Killian;1
Kim;1
Kimm;1
Kimmo;1
Kimmy;1
Kimo;1
Kinn;1
Kion;1
Kirstein;1
Kirstejn;1
Kito;1
Kivan;1
Kivin;1
Kiwin;1
Kjartan;1
Kjeld;1
Kjell;1
Kjertan;1
Klaes;1
Klas;1
Klaudi;1
Klaudius;1
Klaus;1
Klaves;1
Klavs;1
Klemen;1
Klemens;1
Klement;1
Klemmen;1
Knud;1
Knut;1
Kolbjørn;1
Konrad;1
Konstantin;1
Kord;1
Kore;1
Korfits;1
Korfitz;1
Kornelius;1
Kort;1
Kosmus;1
Krei;1
Kren;1
Kres;1
Kresten;1
Krester;1
Krestian;1
Krestoffer;1
Krilles;1
Kris;1
Kristen;1
Krister;1
Kristian;1
Kristjan;1
Kristof;1
Kristofer;1
Kristoffer;1
Kræn;1
Kræsten;1
Krøj;1
Kuan;1
Kuno;1
Kunz;1
Kurd;1
Kurt;1
Kurth;1
Kyrill;1
Kåre;1
Kaare;1
Lage;1
Lambert;1
Lance;1
Landry;1
Lanni;1
Lari;1
Larry;1
Lars;1
Las;1
Lasarus;1
Lass;1
Lasse;1
Lau;1
Laue;1
Lauge;1
Launy;1
Laurens;1
Laurentius;1
Lauri;1
Laurids;1
Laurits;1
Lauritz;1
Laurs;1
Laus;1
Laust;1
Lavard;1
Lave;1
Lavrids;1
Lavrits;1
Lavritz;1
Lavrs;1
Lavst;1
Lean;1
Leander;1
Leck;1
Legart;1
Leib;1
Leif;1
Leiff;1
Lejf;1
Lejff;1
Lemmy;1
Lenarth;1
Lennard;1
Lennart;1
Lennarth;1
Lennert;1
Lenni;1
Lennon;1
Lenny;1
Leo;1
Leon;1
Leonard;1
Leonhard;1
Leonhardt;1
Leonhart;1
Leopold;1
Leslie;1
Lester;1
Levi;1
Levy;1
Lewi;1
Lewy;1
Liam;1
Lindy;1
Linus;1
Lionel;1
Loke;1
Lorens;1
Lorents;1
Lorentz;1
Lorentzo;1
Lorenz;1
Lorenzo;1
Lorry;1
Lothar;1
Loui;1
Louie;1
Louis;1
Luc;1
Lucas;1
Lucien;1
Ludolf;1
Ludolph;1
Ludwig;1
Ludwik;1
Lui;1
Luis;1
Lukas;1
Luke;1
Lyder;1
Lydolf;1
Lyn;1
Lynge;1
Mac;1
Mack;1
Mads;1
Magal;1
Magne;1
Magni;1
Magnus;1
Mahmoud;1
Mahmud;1
Majid;1
Maks;1
Malakias;1
Malcolm;1
Malte;1
Malthe;1
Manderup;1
Mandrup;1
Manfred;1
Manly;1
Manne;1
Manneke;1
Mannfred;1
Manuel;1
Mar;1
Marc;1
Marcel;1
Marcelius;1
Marcell;1
Marcello;1
Marchel;1
Marck;1
Marco;1
Marcos;1
Marcus;1
Mariano;1
Marino;1
Marinus;1
Mario;1
Marius;1
Mark;1
Markild;1
Marko;1
Markus;1
Markvar;1
Markvard;1
Marni;1
Marno;1
Marthen;1
Marthin;1
Marthinus;1
Marti;1
Martin;1
Martinez;1
Martinius;1
Martinus;1
Martti;1
Marty;1
Marvin;1
Marx;1
Mass;1
Massimo;1
Mathias;1
Mathies;1
Mathinus;1
Mathis;1
Mathæus;1
Matias;1
Matis;1
Mats;1
Matt;1
Matthes;1
Matthew;1
Matthias;1
Matthies;1
Matthis;1
Matthæus;1
Matti;1
Mattias;1
Mattis;1
Matts;1
Mattæus;1
Matæus;1
Mauri;1
Maurice;1
Maurits;1
Mauritz;1
Max;1
Maxim;1
Maxime;1
Maximilian;1
Maximillian;1
Meck;1
Meick;1
Meik;1
Meikey;1
Meiner;1
Meinert;1
Meinhard;1
Meino;1
Meir;1
Mejner;1
Mejnert;1
Melchior;1
Melkior;1
Melvin;1
Meno;1
Mervyn;1
Micael;1
Micas;1
Mich;1
Michael;1
Michaell;1
Michal;1
Michel;1
Michell;1
Michlas;1
Micho;1
Mick;1
Mickei;1
Mickel;1
Mickey;1
Micki;1
Micklas;1
Micky;1
Mico;1
Miguel;1
Mihail;1
Mik;1
Mikael;1
Mikal;1
Mikas;1
Mike;1
Mikelis;1
Mikey;1
Miki;1
Mikk;1
Mikkas;1
Mikkel;1
Mikki;1
Mikko;1
Miklas;1
Mikllas;1
Miklos;1
Milan;1
Milius;1
Millo;1
Milo;1
Milos;1
Milter;1
Milton;1
Mingo;1
Minik;1
Mircho;1
Mirko;1
Miro;1
Mitchell;1
Mogens;1
Mohamed;1
Molte;1
Momme;1
Monne;1
Monty;1
Morgan;1
Morits;1
Moritz;1
Morten;1
Morthen;1
Mortimer;1
Morton;1
Moses;1
Mourids;1
Mourits;1
Mouritz;1
Moust;1
Muhammad;1
Mylius;1
Mårten;1
Napoleon;1
Natan;1
Natanael;1
Nataniel;1
Nathan;1
Nathanael;1
Nathaniel;1
Neal;1
Neil;1
Nelas;1
Nels;1
Nevil;1
Neville;1
Niall;1
Nic;1
Nicas;1
Nicco;1
Nich;1
Nichi;1
Nichlaes;1
Nichlas;1
Nicholai;1
Nicholaj;1
Nicholas;1
Nici;1
Nick;1
Nicki;1
Nicklas;1
Nicklaus;1
Nicklavs;1
Nicko;1
Nickolai;1
Nickolaj;1
Nickolas;1
Nickolass;1
Nickolei;1
Nicky;1
Niclas;1
Nico;1
Nicodemus;1
Nicol;1
Nicolai;1
Nicolaj;1
Nicolas;1
Nicolaus;1
Nicolay;1
Nicolei;1
Nicolej;1
Nicolo;1
Niel;1
Niels;1
Nigel;1
Nik;1
Nikas;1
Nikhil;1
Niki;1
Nikki;1
Niklaes;1
Niklas;1
Niklaus;1
Niko;1
Nikolai;1
Nikolaj;1
Nikolas;1
Nikolaus;1
Nikolej;1
Nilas;1
Nilaus;1
Nilavs;1
Nils;1
Nino;1
Nis;1
Niss;1
Nivan;1
Njal;1
No;1
Noah;1
Noel;1
Noël;1
Norbert;1
Norman;1
Normann;1
Obert;1
Octavius;1
Octavio;1
Od;1
Odbjørn;1
Odd;1
Oddvar;1
Odger;1
Odin;1
Odlev;1
Odmar;1
Odsten;1
Olaf;1
Olai;1
Olaj;1
Olander;1
Olau;1
Olaus;1
Olav;1
Olavur;1
Ole;1
Oleg;1
Olen;1
Olfert;1
Oli;1
Oliver;1
Oll;1
Olle;1
Olli;1
Olof;1
Olov;1
Oluf;1
Omar;1
Orla;1
Orlando;1
Orm;1
Oscar;1
Oskar;1
Osman;1
Osmann;1
Osmar;1
Osmund;1
Ossian;1
Osvald;1
Oswald;1
Othar;1
Othmar;1
Otmann;1
Otmar;1
Ottar;1
Otte;1
Otto;1
Ovard;1
Ove;1
Owe;1
Owen;1
Oyvind;1
Paavo;1
Pablo;1
Paco;1
Pai;1
Paick;1
Paie;1
Pal;1
Pall;1
Palle;1
Palmer;1
Pan;1
Parly;1
Parmo;1
Pascal;1
Patrich;1
Patrick;1
Patrik;1
Pau;1
Pauel;1
Paul;1
Pauli;1
Paulli;1
Paulo;1
Paulus;1
Pav;1
Paw;1
Pawel;1
Pay;1
Peder;1
Pedro;1
Peer;1
Pehr;1
Peik;1
Peiter;1
Pejk;1
Pele;1
Pelle;1
Penti;1
Pentti;1
Pepe;1
Per;1
Percy;1
Perry;1
Pete;1
Peter;1
Petri;1
Petro;1
Petrus;1
Petter;1
Philip;1
Philipp;1
Philippe;1
Phillip;1
Pierre;1
Piet;1
Pieter;1
Pietro;1
Piotr;1
Pitter;1
Pius;1
Pouel;1
Poul;1
Pouli;1
Poulus;1
Povel;1
Povl;1
Preben;1
Predbjørn;1
Prosper;1
Pål;1
Quintus;1
Qvan;1
Qvintus;1
Racid;1
Radolf;1
Radulf;1
Rafael;1
Ragn;1
Ragnar;1
Ragner;1
Ragnvald;1
Raimo;1
Raimond;1
Raimund;1
Rainar;1
Rainer;1
Raini;1
Rainier;1
Raki;1
Ralf;1
Rallf;1
Ralph;1
Rami;1
Ramon;1
Randolf;1
Randolph;1
Randy;1
Rane;1
Ranulf;1
Raphael;1
Ras;1
Rasmus;1
Rass;1
Raul;1
Rauno;1
Ravn;1
Ray;1
Raymond;1
Raymund;1
Rayner;1
Regin;1
Reginald;1
Regnar;1
Regner;1
Regnvald;1
Rehné;1
Reichard;1
Reidar;1
Reider;1
Reier;1
Reimar;1
Reimer;1
Reimert;1
Reimond;1
Reinar;1
Reiner;1
Reinert;1
Reinhard;1
Reinhardt;1
Reinhold;1
Reinholdt;1
Reinholt;1
Reino;1
Reinold;1
Reinvald;1
Rejer;1
Rejmar;1
Rejmer;1
Rejnar;1
Rejner;1
Rejnert;1
Rejnhard;1
Rejnhardt;1
Rejnhart;1
Rejnhold;1
Rejnholdt;1
Rejnholt;1
Remi;1
Remo;1
Remon;1
Remond;1
Remus;1
Remy;1
Renato;1
Renatus;1
Rene;1
René;1
Renko;1
Rennie;1
Renny;1
Reno;1
Reto;1
Rex;1
Reymond;1
Reynold;1
Riber;1
Ric;1
Ricard;1
Ricardo;1
Ricardt;1
Ricco;1
Richard;1
Richardo;1
Richardt;1
Richart;1
Richo;1
Rick;1
Rickard;1
Rickey;1
Ricki;1
Rickie;1
Ricko;1
Ricky;1
Rico;1
Rief;1
Riff;1
Rigo;1
Rik;1
Rikard;1
Rikardt;1
Rikki;1
Rikko;1
Riko;1
Rino;1
Ritchi;1
Ro;1
Roald;1
Roall;1
Roan;1
Roar;1
Rob;1
Robbert;1
Robbi;1
Robbin;1
Robby;1
Robert;1
Roberto;1
Robin;1
Rocco;1
Rocko;1
Rocky;1
Roer;1
Roger;1
Rogert;1
Rokil;1
Roland;1
Rolf;1
Rolff;1
Rollo;1
Roman;1
Romann;1
Romano;1
Romanus;1
Romeo;1
Roméo;1
Ronald;1
Ronaldo;1
Rone;1
Ronn;1
Ronni;1
Ronnie;1
Ronny;1
Rousdi;1
Rovald;1
Roy;1
Royni;1
Ruar;1
Ruben;1
Rubert;1
Rud;1
Ruddi;1
Ruddy;1
Rudi;1
Rudolf;1
Rudolph;1
Rudy;1
Rufus;1
Rukan;1
Rumle;1
Runar;1
Rune;1
Runi;1
Runo;1
Rupert;1
Rurik;1
Rustan;1
Ryan;1
Rüdiger;1
Ryolf;1
Sacho;1
Sakarias;1
Sakse;1
Sakso;1
Salomon;1
Salum;1
Salvatore;1
Sam;1
Sammi;1
Sammy;1
Samo;1
Samson;1
Samuel;1
Sander;1
Sandi;1
Sandor;1
Sandro;1
Sandy;1
Sanny;1
Santino;1
Sarino;1
Sasser;1
Saxe;1
Saxo;1
Scott;1
Sean;1
Sebald;1
Sebastean;1
Sebastian;1
Sebbe;1
Seier;1
Seir;1
Sejer;1
Sejner;1
Sejr;1
Sekstus;1
Selgen;1
Selius;1
Selmar;1
Selmer;1
Sem;1
Semmy;1
Senius;1
Sennik;1
Sepp;1
Seppi;1
Seppo;1
Serge;1
Sergei;1
Seth;1
Sevald;1
Sevart;1
Severin;1
Sextus;1
Shahid;1
Shane;1
Shano;1
Shaun;1
Shawn;1
Sidney;1
Siegfrid;1
Siegfried;1
Siegmund;1
Sievert;1
Sigbert;1
Sigbjørn;1
Sigbrand;1
Sigbrandt;1
Siger;1
Sigfred;1
Sigfrid;1
Sigfried;1
Sigfus;1
Sigge;1
Sigger;1
Siggi;1
Sigismund;1
Sigmund;1
Sigtryg;1
Sigurd;1
Sigurt;1
Sigvald;1
Sigvard;1
Sigvardt;1
Sigvart;1
Sikker;1
Sikstus;1
Silas;1
Siliam;1
Silius;1
Sillas;1
Sim;1
Simen;1
Simeon;1
Simion;1
Simoen;1
Simon;1
Sinius;1
Sinus;1
Sivald;1
Sivart;1
Sivel;1
Sivert;1
Sixten;1
Sixtus;1
Skafte;1
Skanni;1
Skanny;1
Skat;1
Skjalm;1
Skjold;1
Skuli;1
Snorre;1
Snorri;1
Sofus;1
Sonni;1
Sonnich;1
Sonny;1
Sophus;1
Staffan;1
Staffen;1
Stan;1
Stani;1
Stanislau;1
Stanislav;1
Stanislaw;1
Stanley;1
Stanly;1
Stanny;1
Steen;1
Stefan;1
Stefano;1
Steff;1
Steffan;1
Steffen;1
Steinar;1
Steinbjørn;1
Stellan;1
Sten;1
Stener;1
Steno;1
Stephan;1
Stephen;1
Stevan;1
Steve;1
Steven;1
Stewen;1
Stig;1
Stiig;1
Stinus;1
Stiven;1
Stone;1
Strange;1
Stuart;1
Stubbe;1
Sture;1
Sune;1
Suni;1
Svante;1
Svein;1
Sveinn;1
Sven;1
Svend;1
Svende;1
Svenn;1
Svenne;1
Svenning;1
Svenåge;1
Svenaage;1
Sverke;1
Sverkel;1
Sverre;1
Sverri;1
Sylvest;1
Sylvester;1
Syrach;1
Syrak;1
Sæmund;1
Sølver;1
Sønnich;1
Sønnik;1
Søren;1
Sørinus;1
Tade;1
Tage;1
Tago;1
Tai;1
Taico;1
Tais;1
Taj;1
Tajco;1
Tajs;1
Tam;1
Tamas;1
Tammes;1
Tano;1
Tao;1
Tapio;1
Tarben;1
Tarek;1
Tarik;1
Tarje;1
Tau;1
Taus;1
Tave;1
Tavs;1
Ted;1
Teddi;1
Teddy;1
Teis;1
Teit;1
Tej;1
Tejn;1
Tejs;1
Tejt;1
Tem;1
Temme;1
Temmi;1
Teo;1
Teobald;1
Teodor;1
Terje;1
Terkel;1
Terkil;1
Terkild;1
Terman;1
Termann;1
Terri;1
Terry;1
Tex;1
Teys;1
Thadæus;1
Thage;1
Thais;1
Thajs;1
Tharben;1
Theis;1
Theiss;1
Thejs;1
Them;1
Theo;1
Theobald;1
Theodor;1
Theon;1
Therkel;1
Therkil;1
Therkild;1
Therman;1
Thias;1
Thim;1
Thimotheus;1
Thinus;1
Thio;1
Thobias;1
Thoke;1
Thom;1
Thomas;1
Thommas;1
Thommy;1
Thonny;1
Thony;1
Thor;1
Thorald;1
Thoralf;1
Thorben;1
Thorbjørn;1
Thord;1
Thore;1
Thorer;1
Thorfin;1
Thorfinn;1
Thorgny;1
Thorgot;1
Thorgrim;1
Thorild;1
Thorkel;1
Thorkil;1
Thorkild;1
Thorlak;1
Thorleif;1
Thorlejf;1
Thorlejv;1
Thorlek;1
Thormod;1
Thormund;1
Thorolf;1
Thorstein;1
Thorsteinn;1
Thorsten;1
Thorulf;1
Thorvald;1
Thorvil;1
Thorvild;1
Thorwald;1
Thue;1
Thune;1
Thure;1
Thyge;1
Thøge;1
Thøger;1
Tias;1
Tibor;1
Ticho;1
Till;1
Tilo;1
Tim;1
Timm;1
Timme;1
Timmi;1
Timmo;1
Timmy;1
Timo;1
Timoteus;1
Timothy;1
Tin;1
Tinny;1
Tino;1
Tinus;1
Titan;1
Tito;1
Tjalfe;1
Tjelle;1
Tjørk;1
Tjørn;1
Tobby;1
Tobias;1
Toby;1
Togi;1
Toivo;1
Toke;1
Toki;1
Tolvar;1
Tolver;1
Tom;1
Tomas;1
Tomasz;1
Tomm;1
Tommas;1
Tommi;1
Tommy;1
Tonnes;1
Tonni;1
Tonnis;1
Tonny;1
Tony;1
Tor;1
Toralf;1
Torben;1
Torbjørn;1
Tord;1
Tordur;1
Tore;1
Torfin;1
Torfinn;1
Torgni;1
Torgny;1
Torgot;1
Torgrim;1
Torin;1
Torjus;1
Torke;1
Torkel;1
Torkil;1
Torkild;1
Torlak;1
Torleif;1
Torlek;1
Torlif;1
Torm;1
Tormod;1
Torre;1
Torri;1
Torry;1
Torstein;1
Torsteinn;1
Torsten;1
Torulf;1
Torvald;1
Torvil;1
Torvild;1
Torvind;1
Toste;1
Tristan;1
Troels;1
Trohn;1
Trols;1
Trond;1
Truels;1
Truls;1
Trygve;1
Trym;1
Tuco;1
Tue;1
Tume;1
Tune;1
Ture;1
Turf;1
Turmund;1
Tycho;1
Tyge;1
Tøger;1
Tønnes;1
Tørk;1
Ubbe;1
Uck;1
Ude;1
Udo;1
Uffe;1
Uffo;1
Ugo;1
Ul;1
Ulf;1
Ulfbjørn;1
Ulff;1
Ulric;1
Ulrich;1
Ulrick;1
Ulrik;1
Ulv;1
Ulver;1
Une;1
Unne;1
Uno;1
Urban;1
Uri;1
Urs;1
Uve;1
Uwe;1
Vaclav;1
Vagn;1
Vagnar;1
Vagner;1
Vaino;1
Val;1
Valdemar;1
Valder;1
Valdo;1
Valdus;1
Valentin;1
Valentino;1
Valfred;1
Valfrid;1
Valter;1
Valther;1
Vandy;1
Varny;1
Veijo;1
Veikko;1
Venzel;1
Vermund;1
Verner;1
Vernon;1
Ves;1
Vesti;1
Vesty;1
Vicente;1
Victor;1
Vidar;1
Vidrik;1
Vifil;1
Vigan;1
Vigand;1
Vigandt;1
Vigant;1
Vigfus;1
Vigge;1
Viggo;1
Vigil;1
Viking;1
Viktor;1
Vilars;1
Vilbert;1
Vildfred;1
Vilfred;1
Vilhelm;1
Villads;1
Villars;1
Villi;1
Villiam;1
Villum;1
Villy;1
Vilmar;1
Vilmer;1
Vilni;1
Vincens;1
Vincent;1
Vinfred;1
Vinzent;1
Virgil;1
Virtus;1
Viste;1
Visti;1
Vithar;1
Vithard;1
Vithardt;1
Vithus;1
Vito;1
Vittus;1
Vitus;1
Vladimir;1
Volmar;1
Volmer;1
Våge;1
Vaage;1
Waclaw;1
Wagn;1
Wagner;1
Wahid;1
Waldemar;1
Walder;1
Walentin;1
Walenty;1
Walid;1
Walter;1
Walther;1
Wandy;1
Warny;1
Wenzel;1
Werner;1
Wernon;1
Wictor;1
Widrik;1
Wigan;1
Wiggo;1
Wiktor;1
Wilbert;1
Wildfred;1
Wilfred;1
Wilfried;1
Wilhelm;1
Wili;1
Willads;1
Willem;1
Willi;1
William;1
Willum;1
Willy;1
Wilmar;1
Wilmer;1
Winn;1
Wisti;1
Witte;1
Wladimir;1
Wladislaw;1
Wladyslaw;1
Wolfgang;1
Wolmer;1
Wotan;1
Wåge;1
Waage;1
Xenius;1
Yan;1
Yann;1
Yannick;1
Yannik;1
Yde;1
Yngvar;1
Yngvard;1
Yngve;1
Younes;1
Yuri;1
Yvan;1
Yves;1
Zacharias;1
Zakarias;1
Zaki;1
Zanno;1
Zapp;1
Zean;1
Zenius;1
Zeth;1
Ziad;1
Zier;1
Ziggy;1
Zilas;1
Zimon;1
Zoltan;1
Zoran;1
Zygmund;1
Øivind;1
Øjvind;1
Ørni;1
Ørnulf;1
Øssur;1
Østen;1
Øvli;1
Øystein;1
Øyvind;1
Åbjørn;1
Aabjørn;1
Åge;1
Aage;1
Aake;1
Åmund;1
Aamund;1
Åsmund;1
Aasmund;1
