Abbelone;2
Abbie;2
Abeline;2
Abelone;2
Abigael;2
Abigail;2
Achena;2
Ada;2
Adalena;2
Adalina;2
Adane;2
Adda;2
Addie;2
Addy;2
Adea;2
Adela;2
Adelaide;2
Adele;2
Adèle;2
Adeleine;2
Adelena;2
Adelfine;2
Adelgunde;2
Adelheid;2
Adelhejd;2
Adelina;2
Adeline;2
Adi;2
Adia;2
Adie;2
Adina;2
Adine;2
Adolfine;2
Adolphine;2
Adriana;2
Adriane;2
Adrielle;2
Adrienne;2
Ady;2
Agate;2
Agatha;2
Agathe;2
Agda;2
Agga;2
Aggi;2
Agna;2
Agnes;2
Agnès;2
Agneta;2
Agnete;2
Agnetha;2
Agnethe;2
Agny;2
Aia;2
Aicha;2
Aida;2
Aija;2
Aila;2
Aili;2
Aima;2
Aimée;2
Aimi;2
Aimy;2
Aina;2
Aino;2
Aisha;2
Aishah;2
Aja;2
Ajatsa;2
Ajo;2
Akeleje;2
Akita;2
Akseline;2
Aksinja;2
Alaia;2
Alaine;2
Alba;2
Albantine;2
Alberta;2
Alberte;2
Albertha;2
Alberthe;2
Alberthine;2
Albertina;2
Albertine;2
Albina;2
Albine;2
Aleia;2
Aleksandra;2
Aleksandrine;2
Aleksia;2
Alessandra;2
Aleta;2
Alett;2
Alette;2
Alexa;2
Alexandra;2
Alexandria;2
Alexandrina;2
Alexandrine;2
Alexia;2
Alexie;2
Alezia;2
Alfa;2
Alfhild;2
Alfrede;2
Alfrida;2
Alfride;2
Alfrieda;2
Alfriede;2
Algea;2
Alia;2
Alice;2
Alicia;2
Alida;2
Aliena;2
Alikka;2
Alina;2
Aline;2
Alis;2
Alisa;2
Alise;2
Alison;2
Alissa;2
Alita;2
Alitha;2
Alitta;2
Alitza;2
Aliz;2
Allaine;2
Allette;2
Allice;2
Allida;2
Allie;2
Allis;2
Ally;2
Allydia;2
Alma;2
Almine;2
Almira;2
Aloisia;2
Alona;2
Alryda;2
Althea;2
Alva;2
Alvild;2
Alvilda;2
Alvilde;2
Alvina;2
Alvine;2
Alvira;2
Alwine;2
Amalia;2
Amalie;2
Amanda;2
Ambrosia;2
Amelia;2
Amelie;2
Amélie;2
Amia;2
Amilia;2
Amilla;2
Amina;2
Aminah;2
Amine;2
Amira;2
Amola;2
Amy;2
Ana;2
Anaia;2
Anasia;2
Anastaja;2
Anastasia;2
Anastasija;2
Anastasja;2
Anastassia;2
Anastazia;2
Anaya;2
Ancia;2
Andersine;2
Andrea;2
Andrée;2
Andriette;2
Andrine;2
Ane;2
Anée;2
Anegrete;2
Anegrethe;2
Aneka;2
Aneline;2
Anelise;2
Anella;2
Anelle;2
Anemarie;2
Anemette;2
Anemone;2
Anet;2
Anete;2
Anethe;2
Anett;2
Anetta;2
Anette;2
Angela;2
Angèle;2
Angelica;2
Angelie;2
Angelika;2
Angelina;2
Angeline;2
Angelique;2
Angélique;2
Angelita;2
Angla;2
Ani;2
Ania;2
Aniara;2
Anica;2
Anicha;2
Anick;2
Anie;2
Aniela;2
Aniella;2
Aniet;2
Anika;2
Aniki;2
Anikka;2
Anilla;2
Anina;2
Anine;2
Aninja;2
Aninna;2
Aniqa;2
Anisa;2
Anise;2
Anisette;2
Anissa;2
Anita;2
Anitha;2
Anitta;2
Anja;2
Anje;2
Anjelica;2
Anjila;2
Anka;2
Anke;2
Ankie;2
Anli;2
Anline;2
Ann;2
Anna;2
Annabell;2
Annabella;2
Annabelle;2
Annabeth;2
Annagrete;2
Annagrethe;2
Annakarin;2
Annali;2
Annaline;2
Annalis;2
Annalisa;2
Annalise;2
Annamaria;2
Annamarie;2
Annamary;2
Annamay;2
Annamette;2
Annamie;2
Annasofie;2
Annastasia;2
Annbeth;2
Annbrit;2
Annbritt;2
Anne;2
Annebell;2
Annebelle;2
Annebet;2
Annebeth;2
Annebirgitte;2
Annegerd;2
Annegitte;2
Annegrete;2
Annegrethe;2
Anneke;2
Anneken;2
Annelene;2
Anneli;2
Annelie;2
Anneliese;2
Anneline;2
Annelis;2
Annelisa;2
Annelise;2
Annella;2
Annelouise;2
Annemai;2
Annemari;2
Annemarie;2
Annemette;2
Annemie;2
Annemona;2
Annemone;2
Annesette;2
Annesisse;2
Annesofie;2
Annet;2
Annete;2
Anneth;2
Annethe;2
Annett;2
Annette;2
Anngrethe;2
Anni;2
Annia;2
Annica;2
Annie;2
Annielle;2
Annik;2
Annika;2
Annike;2
Annikki;2
Annina;2
Annine;2
Annisette;2
Annita;2
Annitta;2
Annizette;2
Annjeanett;2
Annli;2
Annlil;2
Annlisa;2
Annlise;2
Annmari;2
Annmarie;2
Annmette;2
Annsofi;2
Annsofie;2
Annsophie;2
Anny;2
Anouk;2
Ansine;2
Anthonia;2
Anthonie;2
Antine;2
Antje;2
Antoinetta;2
Antoinette;2
Antomine;2
Antonella;2
Antonelle;2
Antonette;2
Antonia;2
Antonie;2
Antonina;2
Antonine;2
Any;2
Anya;2
Apollonia;2
Aprilia;2
Arabella;2
Aranka;2
Arendse;2
Arense;2
Arenze;2
Ariane;2
Arielle;2
Arina;2
Arise;2
Arla;2
Arlette;2
Arletty;2
Armgard;2
Arna;2
Asa;2
Asdis;2
Asfrid;2
Asgerd;2
Asja;2
Asla;2
Aslaug;2
Asløg;2
Asmine;2
Asmira;2
Asra;2
Assia;2
Assika;2
Asta;2
Astrid;2
Atalia;2
Atalie;2
Athalia;2
Athalie;2
Athena;2
Athene;2
Athina;2
Atla;2
Atlanta;2
Aud;2
Audrey;2
Augusta;2
Auguste;2
Augustina;2
Augustine;2
Aukje;2
Aurelia;2
Aurica;2
Aurora;2
Ava;2
Avgusta;2
Aviaja;2
Aviaya;2
Axeline;2
Aya;2
Aye;2
Aylil;2
Ayma;2
Ayna;2
Ayo;2
Ayoe;2
Ayse;2
Aziza;2
Babette;2
Bagga;2
Barba;2
Barbara;2
Barbel;2
Barbette;2
Barbra;2
Barbro;2
Bartholine;2
Batseba;2
Bea;2
Beaneth;2
Beata;2
Beate;2
Beatha;2
Beathe;2
Beatrice;2
Beatrix;2
Beatriz;2
Bebbie;2
Bebe;2
Bebiane;2
Becca;2
Becky;2
Begitta;2
Begitte;2
Beinta;2
Belenda;2
Belene;2
Belinda;2
Belinde;2
Beline;2
Belise;2
Bell;2
Bella;2
Belle;2
Bellis;2
Benda;2
Bende;2
Bendie;2
Bendine;2
Bendte;2
Bene;2
Benedichte;2
Benedicta;2
Benedicte;2
Benedikte;2
Benete;2
Bengerd;2
Bengta;2
Bengte;2
Bengtha;2
Benita;2
Benitta;2
Benja;2
Benna;2
Bennie;2
Benta;2
Bente;2
Bentha;2
Benthe;2
Benthine;2
Bentina;2
Bentine;2
Berbel;2
Berengaria;2
Berete;2
Bereth;2
Bergitte;2
Bergliot;2
Bergljot;2
Berit;2
Berith;2
Beritt;2
Berna;2
Bernadette;2
Bernhardine;2
Bernice;2
Berrit;2
Berta;2
Berte;2
Berteline;2
Bertha;2
Berthe;2
Berthine;2
Bertina;2
Bertine;2
Beryl;2
Bess;2
Bessie;2
Beth;2
Bethina;2
Betina;2
Betine;2
Betinna;2
Betje;2
Betri;2
Betricia;2
Betsy;2
Bett;2
Bette;2
Bettie;2
Bettina;2
Bettine;2
Betty;2
Betzy;2
Bia;2
Biana;2
Bianca;2
Bianka;2
Bianna;2
Biba;2
Bibba;2
Bibbi;2
Bibi;2
Bibiana;2
Bibiane;2
Bibiann;2
Bidda;2
Biddy;2
Bina;2
Bine;2
Binette;2
Binie;2
Bintha;2
Birde;2
Birdie;2
Birgit;2
Birgita;2
Birgith;2
Birgitha;2
Birgithe;2
Birgitt;2
Birgitta;2
Birgitte;2
Birgitthe;2
Birit;2
Birita;2
Birith;2
Birka;2
Birla;2
Birna;2
Birrit;2
Birta;2
Birte;2
Birtha;2
Birthe;2
Birthine;2
Birtine;2
Bit;2
Bitta;2
Bitten;2
Biørde;2
Bjanca;2
Bjanka;2
Bjarka;2
Bjarta;2
Bjørg;2
Bjørgit;2
Blanca;2
Blanche;2
Blanka;2
Blenda;2
Blia;2
Blimunda;2
Boa;2
Boanna;2
Bodil;2
Boejana;2
Boel;2
Boeline;2
Bojanna;2
Bolethe;2
Bolette;2
Boline;2
Bondie;2
Bonita;2
Bonna;2
Bonnie;2
Borghild;2
Borgny;2
Botelle;2
Bothilda;2
Bothilde;2
Bothilia;2
Bothilla;2
Botilda;2
Botilde;2
Botilla;2
Botille;2
Brenda;2
Bria;2
Brianette;2
Brianna;2
Brianne;2
Briddie;2
Bridget;2
Brigitt;2
Brigitta;2
Brigitte;2
Brina;2
Brinette;2
Brinnie;2
Brisa;2
Brit;2
Brita;2
Brith;2
Britha;2
Britt;2
Britta;2
Brunhild;2
Brunhilde;2
Brynhild;2
Brynild;2
Brynja;2
Bärbel;2
Cabrina;2
Caia;2
Caja;2
Calina;2
Calla;2
Camelia;2
Camelie;2
Cameline;2
Camila;2
Camilla;2
Camille;2
Camitta;2
Camma;2
Cammilla;2
Cana;2
Candie;2
Canja;2
Canna;2
Cannie;2
Capella;2
Caren;2
Caria;2
Carin;2
Carina;2
Carine;2
Caris;2
Carita;2
Caritas;2
Carla;2
Carli;2
Carlina;2
Carlotta;2
Carmen;2
Carmina;2
Carna;2
Carol;2
Carola;2
Carole;2
Carolina;2
Caroline;2
Caroll;2
Carolyn;2
Carrie;2
Cassandra;2
Catalina;2
Catarina;2
Catarine;2
Cate;2
Caterina;2
Catharin;2
Catharina;2
Catharine;2
Cathe;2
Catherin;2
Catherina;2
Catherine;2
Cathia;2
Cathie;2
Cathinca;2
Cathinka;2
Cathja;2
Cathleen;2
Cathlin;2
Cathrin;2
Cathrina;2
Cathrine;2
Cathy;2
Catia;2
Catina;2
Catinka;2
Catja;2
Catrin;2
Catrina;2
Catrine;2
Catriona;2
Cattia;2
Caya;2
Cebina;2
Cebrina;2
Cebrine;2
Cecilia;2
Cecilie;2
Cecilla;2
Cecillia;2
Cecillie;2
Cecily;2
Celena;2
Celene;2
Celeste;2
Celestine;2
Celia;2
Celica;2
Celie;2
Celina;2
Celinda;2
Celine;2
Cellina;2
Cenette;2
Cenia;2
Cenobia;2
Centa;2
Chabrina;2
Chalina;2
Chaline;2
Chalotte;2
Chamilla;2
Chanel;2
Chanell;2
Chanella;2
Chanelle;2
Chanet;2
Chanett;2
Chanette;2
Chanice;2
Chanie;2
Channe;2
Channette;2
Channie;2
Chantal;2
Charina;2
Charita;2
Charite;2
Charlene;2
Charlin;2
Charline;2
Charlot;2
Charlott;2
Charlotta;2
Charlotte;2
Charmaine;2
Chastina;2
Chastine;2
Chatarina;2
Chathrine;2
Chatrine;2
Cheanne;2
Cheila;2
Chelina;2
Chenet;2
Chenett;2
Chenette;2
Cheri;2
Cherie;2
Cherina;2
Cherstin;2
Chia;2
Chili;2
Chinette;2
Chloe;2
Chresta;2
Chrestina;2
Chrestine;2
Christa;2
Christabel;2
Christel;2
Christell;2
Christelle;2
Christence;2
Christense;2
Christiane;2
Christianne;2
Christie;2
Christin;2
Christina;2
Christine;2
Christinna;2
Christl;2
Cia;2
Cianna;2
Cianne;2
Cicely;2
Cicilia;2
Cicilie;2
Ciela;2
Cilia;2
Ciliane;2
Cilie;2
Cilja;2
Cilje;2
Cilla;2
Cille;2
Cimmie;2
Cinda;2
Cindi;2
Cindie;2
Cindy;2
Cinna;2
Cinne;2
Cira;2
Cirkeline;2
Cisse;2
Cissel;2
Cissie;2
Cissy;2
Cita;2
Citha;2
Claire;2
Clara;2
Claramilla;2
Clare;2
Clari;2
Clarie;2
Clarina;2
Clarissa;2
Clarisse;2
Claudette;2
Claudia;2
Claudine;2
Clausine;2
Clea;2
Clementine;2
Clennie;2
Cleo;2
Cloe;2
Clotilde;2
Coco;2
Colette;2
Columbine;2
Concha;2
Conja;2
Conni;2
Connie;2
Conny;2
Conradine;2
Constance;2
Constantia;2
Constantine;2
Cora;2
Cordelia;2
Cordula;2
Corina;2
Corinn;2
Corinna;2
Corinne;2
Corintha;2
Corna;2
Cornelia;2
Cornelie;2
Corrie;2
Corrina;2
Cosima;2
Cresta;2
Crista;2
Cristel;2
Cristina;2
Cristine;2
Cunilla;2
Cynthia;2
Cæcilia;2
Cæcilie;2
Dacia;2
Dafne;2
Dagmar;2
Dagny;2
Dahlia;2
Dahlya;2
Daiana;2
Daimi;2
Daisi;2
Daisy;2
Dalila;2
Damaris;2
Damila;2
Dana;2
Dania;2
Danica;2
Daniela;2
Daniele;2
Daniella;2
Danielle;2
Danila;2
Danilla;2
Danina;2
Danine;2
Danita;2
Danja;2
Danna;2
Danniella;2
Danuta;2
Daphne;2
Darina;2
Darlene;2
Dawn;2
Dea;2
Deanie;2
Deanna;2
Deanne;2
Debbie;2
Debora;2
Deborah;2
Debra;2
Dee;2
Deirdre;2
Delia;2
Deliane;2
Delicia;2
Delilah;2
Delphine;2
Dena;2
Denezia;2
Denia;2
Denice;2
Denise;2
Denize;2
Denja;2
Dennie;2
Désirée;2
Deva;2
Dia;2
Dian;2
Diana;2
Diane;2
Dianna;2
Dianne;2
Diannie;2
Diantha;2
Dicte;2
Dida;2
Didda;2
Diddan;2
Didde;2
Diddi;2
Dido;2
Dikte;2
Dina;2
Dinah;2
Dineke;2
Dinna;2
Dinne;2
Dinnie;2
Diona;2
Disa;2
Distelle;2
Dita;2
Ditta;2
Ditte;2
Dittemarie;2
Djamilla;2
Dodo;2
Dolly;2
Dolores;2
Donna;2
Donnie;2
Dora;2
Dorathea;2
Dorde;2
Doreen;2
Dorella;2
Dorete;2
Dorethe;2
Dorette;2
Dori;2
Doria;2
Doriane;2
Dorin;2
Dorina;2
Dorine;2
Doris;2
Dorit;2
Dorita;2
Dorith;2
Dorotea;2
Dorotha;2
Dorothea;2
Dorothy;2
Dorris;2
Dorrit;2
Dorrith;2
Dorte;2
Dortea;2
Dorthe;2
Dorthea;2
Dorthie;2
Dorthy;2
Dot;2
Dotta;2
Drea;2
Drine;2
Drude;2
Druna;2
Dua;2
Dunia;2
Dunja;2
Durita;2
Dusina;2
Dusine;2
Dyveke;2
Ea;2
Ebba;2
Eda;2
Edda;2
Edel;2
Edele;2
Edeltraut;2
Edit;2
Edita;2
Edith;2
Edla;2
Edle;2
Edly;2
Edma;2
Edmée;2
Edna;2
Edua;2
Edvardine;2
Edvia;2
Edy;2
Effie;2
Ega;2
Egidia;2
Egina;2
Eia;2
Eibrit;2
Eibrith;2
Eibritt;2
Eike;2
Eila;2
Eileen;2
Eina;2
Einette;2
Eireen;2
Eisa;2
Eivor;2
Eja;2
Ejbrit;2
Ejbrith;2
Ejbritt;2
Ejla;2
Ejna;2
Ejsa;2
Ekatarina;2
Ela;2
Elaina;2
Elaine;2
Eleana;2
Eleanor;2
Electra;2
Elena;2
Elene;2
Eleni;2
Elenna;2
Elenora;2
Eleonora;2
Eleonore;2
Eleta;2
Elfi;2
Elfrede;2
Elfrida;2
Elfride;2
Elfrieda;2
Elfriede;2
Elga;2
Elia;2
Eliana;2
Eliane;2
Elice;2
Elida;2
Elie;2
Elin;2
Elina;2
Eline;2
Elinor;2
Elisa;2
Elisabet;2
Elisabeth;2
Elisabetta;2
Elise;2
Elissa;2
Elita;2
Elitha;2
Elitta;2
Eliza;2
Elizabeth;2
Elka;2
Elke;2
Ella;2
Elle;2
Ellen;2
Elli;2
Ellice;2
Ellida;2
Ellie;2
Elline;2
Ellinor;2
Elly;2
Elma;2
Elmine;2
Elmira;2
Elmy;2
Elna;2
Elny;2
Elouise;2
Elsa;2
Elsabet;2
Elsabeth;2
Elsbet;2
Elsbeth;2
Else;2
Elsebet;2
Elsebeth;2
Elsemarie;2
Elsia;2
Elsie;2
Elsine;2
Elva;2
Elvi;2
Elvilda;2
Elvina;2
Elvine;2
Elvira;2
Elvire;2
Emanuela;2
Emanuella;2
Embla;2
Emeli;2
Emelia;2
Emelie;2
Emely;2
Emili;2
Emilia;2
Emilie;2
Emiline;2
Emily;2
Emine;2
Emma;2
Emmaline;2
Emmeli;2
Emmelie;2
Emmeline;2
Emmely;2
Emmerence;2
Emmy;2
Ena;2
Ene;2
Enge;2
Engeline;2
Engelke;2
Enid;2
Enja;2
Ennike;2
Enrica;2
Enya;2
Eponine;2
Erena;2
Erene;2
Eri;2
Eria;2
Erica;2
Erika;2
Erikka;2
Erikke;2
Erita;2
Eritza;2
Erla;2
Erminia;2
Erna;2
Ernestine;2
Erni;2
Ernstine;2
Esgerd;2
Esmaralda;2
Esmeralda;2
Esta;2
Estell;2
Estella;2
Estelle;2
Ester;2
Estha;2
Esther;2
Estrella;2
Estrid;2
Eta;2
Etel;2
Ethel;2
Ethla;2
Ethly;2
Etla;2
Etly;2
Etta;2
Ettie;2
Etty;2
Eufemia;2
Eugenia;2
Eugenie;2
Eulalia;2
Eunice;2
Eunike;2
Euphemia;2
Eva;2
Evalina;2
Evaline;2
Evalotte;2
Evangeline;2
Eve;2
Eveleen;2
Evelin;2
Evelina;2
Eveline;2
Evely;2
Evelyn;2
Evi;2
Evian;2
Evita;2
Evy;2
Ewa;2
Ewy;2
Eya;2
Eza;2
Fabienne;2
Fabiola;2
Fabrina;2
Faith;2
Falka;2
Fanny;2
Farah;2
Farida;2
Farina;2
Fatima;2
Fay;2
Felia;2
Felicia;2
Felina;2
Feline;2
Felizia;2
Fenja;2
Feodora;2
Fernanda;2
Fernande;2
Fia;2
Fie;2
Filine;2
Filippa;2
Fillis;2
Fiona;2
Fleur;2
Flora;2
Florence;2
Florentine;2
Floria;2
Franca;2
France;2
Frances;2
Francette;2
Francie;2
Francine;2
Francisca;2
Franciska;2
Francoise;2
Frandsine;2
Franja;2
Franka;2
Fransine;2
Fransiska;2
Franziska;2
Frauke;2
Freda;2
Frederikke;2
Freja;2
Frejdis;2
Freya;2
Fria;2
Frida;2
Fridbjørg;2
Fride;2
Frieda;2
Friede;2
Friederike;2
Friederikke;2
Frigg;2
Frigga;2
Fritsa;2
Fritse;2
Fritza;2
Fritze;2
Fritzie;2
Fro;2
Fry;2
Frøydis;2
Fylla;2
Gabi;2
Gabriela;2
Gabriele;2
Gabriella;2
Gabrielle;2
Gaby;2
Gaia;2
Gaiga;2
Gail;2
Gaja;2
Galina;2
Ganja;2
Gaya;2
Gedske;2
Geira;2
Gela;2
Gelika;2
Gemma;2
Gena;2
Geneviève;2
Genia;2
Genny;2
Geogina;2
Georgette;2
Georgia;2
Georgiana;2
Georgina;2
Georgine;2
Géraldine;2
Gerd;2
Gerda;2
Gerdi;2
Gerlinde;2
Gerly;2
Germaine;2
Gersemi;2
Gerta;2
Gertha;2
Gerti;2
Gertie;2
Gertrud;2
Gertrude;2
Geske;2
Gete;2
Gethe;2
Ghita;2
Gia;2
Giannina;2
Giannula;2
Gida;2
Gidda;2
Gigi;2
Gila;2
Gilda;2
Gilla;2
Gillian;2
Gina;2
Gine;2
Ginette;2
Ginia;2
Ginie;2
Ginna;2
Ginne;2
Ginnie;2
Giorgia;2
Giovanna;2
Gisa;2
Gisela;2
Gisèle;2
Giselle;2
Gisla;2
Git;2
Gita;2
Gith;2
Githa;2
Githe;2
Gitt;2
Gitta;2
Gitte;2
Gittel;2
Gitten;2
Giulia;2
Gjertrud;2
Gladis;2
Gladys;2
Glenda;2
Glenna;2
Glennie;2
Gloria;2
Grace;2
Grazia;2
Graziella;2
Greta;2
Gretchen;2
Grete;2
Gretel;2
Gretha;2
Grethe;2
Griet;2
Grit;2
Grith;2
Gritt;2
Gro;2
Groa;2
Grusje;2
Gry;2
Gudda;2
Gudrun;2
Guldborg;2
Gull;2
Gull-Mai;2
Gull-Maj;2
Gulla;2
Gullan;2
Gullbrith;2
Gulli;2
Gullis;2
Gullvig;2
Gulnare;2
Gun;2
Gunda;2
Gundborg;2
Gunde;2
Gunhild;2
Gunhilda;2
Gunhilde;2
Gunild;2
Gunilde;2
Gunilla;2
Gunløg;2
Gunn;2
Gunna;2
Gunne;2
Gunnel;2
Gunnild;2
Gunta;2
Gunva;2
Gunvar;2
Gunver;2
Gunvor;2
Guri;2
Gurli;2
Gurly;2
Gustava;2
Gwen;2
Gwennie;2
Gy;2
Gya;2
Gyda;2
Gylla;2
Gynna;2
Gynthia;2
Gyrild;2
Gyrit;2
Gyrita;2
Gyrite;2
Gyritha;2
Gyrithe;2
Gyta;2
Gytha;2
Gythe;2
Gytta;2
Gytte;2
Halina;2
Haline;2
Halla;2
Hallie;2
Hanna;2
Hannah;2
Hanne;2
Hannele;2
Hannelene;2
Hannelore;2
Hanni;2
Hanny;2
Hansa;2
Hansigne;2
Hansine;2
Haralda;2
Haraldine;2
Harda;2
Hariet;2
Harriet;2
Hasel;2
Hazel;2
Heather;2
Hebe;2
Heda;2
Hedda;2
Heddi;2
Heddy;2
Hedevig;2
Hedi;2
Hedvig;2
Hedwig;2
Hedy;2
Heide;2
Heidel;2
Heidi;2
Heidie;2
Heidl;2
Heika;2
Heike;2
Heina;2
Hejdi;2
Hejdie;2
Hela;2
Helda;2
Helen;2
Helena;2
Helene;2
Helfred;2
Helfried;2
Helga;2
Helia;2
Hella;2
Helle;2
Hellen;2
Hellith;2
Helma;2
Heloise;2
Helvig;2
Hendricke;2
Hendrika;2
Henna;2
Henni;2
Hennie;2
Henny;2
Henriett;2
Henrietta;2
Henriette;2
Henrijette;2
Henrika;2
Henrike;2
Henrikka;2
Henrikke;2
Hensia;2
Hera;2
Herdis;2
Herla;2
Herle;2
Herma;2
Hermanda;2
Hermandine;2
Hermine;2
Herta;2
Hertha;2
Hilborg;2
Hilda;2
Hilde;2
Hildeborg;2
Hildegard;2
Hildegerd;2
Hildegunn;2
Hildur;2
Hilleborg;2
Hilma;2
Hinna;2
Hjørdis;2
Hlif;2
Holga;2
Holly;2
Honey;2
Hope;2
Hortense;2
Hortensia;2
Hulda;2
Hyben;2
Hydda;2
Hylleborg;2
Iane;2
Iani;2
Ianne;2
Iantha;2
Ibbe;2
Iben;2
Ibi;2
Ibina;2
Ida;2
Idaline;2
Ide;2
Idun;2
Idunn;2
Ifigenia;2
Ika;2
Ila;2
Ilana;2
Ilanna;2
Ilena;2
Ilene;2
Ilia;2
Ilian;2
Ilina;2
Illa;2
Illiana;2
Illianna;2
Illona;2
Illya;2
Ilona;2
Ilone;2
Ilsa;2
Ilsabet;2
Ilsabeth;2
Ilse;2
Ilsebet;2
Ilsebeth;2
Ilsebil;2
Ilselil;2
Ily;2
Ilya;2
Ima;2
Imke;2
Imoa;2
Imone;2
Ina;2
Inanna;2
India;2
Indiane;2
Ine;2
Ineke;2
Ines;2
Inès;2
Inez;2
Inèz;2
Inga;2
Ingalil;2
Ingard;2
Ingbritt;2
Inge;2
Ingebeth;2
Ingebjørg;2
Ingeborg;2
Ingebrit;2
Ingebritt;2
Ingeburg;2
Ingefred;2
Ingegerd;2
Ingela;2
Ingelene;2
Ingelil;2
Ingeline;2
Ingelis;2
Ingelise;2
Ingemarie;2
Ingemerete;2
Ingemette;2
Inger;2
Ingerbeth;2
Ingerd;2
Ingerid;2
Ingerlil;2
Ingerlise;2
Ingfred;2
Ingjerd;2
Ingred;2
Ingrid;2
Ingse;2
Ingun;2
Inia;2
Inie;2
Inken;2
Inna;2
Inneke;2
Io;2
Ioanna;2
Ira;2
Irbit;2
Irela;2
Iren;2
Irena;2
Irene;2
Irina;2
Iris;2
Irit;2
Irith;2
Irja;2
Irka;2
Irke;2
Irlin;2
Irma;2
Irmelin;2
Irmgard;2
Irna;2
Isa;2
Isabel;2
Isabell;2
Isabella;2
Isabelle;2
Isalena;2
Isel;2
Iselin;2
Isidora;2
Isja;2
Isodora;2
Isolde;2
Iva;2
Ivalo;2
Ivana;2
Ivara;2
Ivonn;2
Ivonne;2
Ivy;2
Iza;2
Izabella;2
Izette;2
Jacinta;2
Jacoba;2
Jacobe;2
Jacobina;2
Jacobine;2
Jacqueline;2
Jade;2
Jael;2
Jakoba;2
Jakobe;2
Jakobine;2
Jamila;2
Jamilla;2
Jamina;2
Jana;2
Jane;2
Janeke;2
Janet;2
Janett;2
Janette;2
Janey;2
Jani;2
Jania;2
Janice;2
Janie;2
Janika;2
Janina;2
Janine;2
Janis;2
Janna;2
Janne;2
Janneke;2
Jannet;2
Janni;2
Janniche;2
Jannicka;2
Jannicke;2
Jannie;2
Jannika;2
Jannike;2
Jannit;2
Janny;2
Jansine;2
Jantie;2
Jaqueline;2
Jardine;2
Jasmin;2
Jasmina;2
Jasmine;2
Javanna;2
Javette;2
Jayne;2
Jea;2
Jean;2
Jeana;2
Jeanelle;2
Jeanet;2
Jeaneth;2
Jeanett;2
Jeanette;2
Jeanica;2
Jeanie;2
Jeanina;2
Jeanine;2
Jeanita;2
Jeanna;2
Jeanne;2
Jeannelle;2
Jeannet;2
Jeannett;2
Jeannette;2
Jeanni;2
Jeannie;2
Jeannine;2
Jeanny;2
Jeddy;2
Jekaterina;2
Jelena;2
Jelina;2
Jelona;2
Jeltje;2
Jelva;2
Jemina;2
Jena;2
Jenda;2
Jenna;2
Jenni;2
Jennie;2
Jennifer;2
Jenny;2
Jensigne;2
Jensine;2
Jensmine;2
Jenssine;2
Jerika;2
Jerilee;2
Jesine;2
Jessia;2
Jessica;2
Jessie;2
Jessika;2
Jessine;2
Jette;2
Jilian;2
Jill;2
Jillie;2
Jing;2
Jinga;2
Jinnie;2
Jirina;2
Jo;2
Joa;2
Joan;2
Joanina;2
Joann;2
Joanna;2
Joanne;2
Jodie;2
Joelina;2
Joelle;2
Johane;2
Johanna;2
Johanne;2
Johna;2
Johnna;2
Johnnie;2
Jolanda;2
Jolande;2
Jolanta;2
Jolantha;2
Jolina;2
Joline;2
Jona;2
Jonie;2
Jonina;2
Jonine;2
Jonna;2
Jonne;2
Jonnhild;2
Jonnie;2
Jorid;2
Jorie;2
Joronn;2
Jorun;2
Jorunn;2
Josa;2
Josefa;2
Joseffa;2
Josefia;2
Josefin;2
Josefina;2
Josefine;2
Joseline;2
Josepha;2
Josephin;2
Josephina;2
Josephine;2
Josette;2
Josia;2
Josina;2
Josine;2
Jostina;2
Josue;2
Jova;2
Joy;2
Joyce;2
Joye;2
Jozefina;2
Jozette;2
Jua;2
Juana;2
Juanita;2
Juanitta;2
Juanna;2
Judi;2
Judie;2
Judit;2
Judite;2
Judith;2
Juditha;2
Judithe;2
Judy;2
Juki;2
Julia;2
Juliana;2
Juliane;2
Julianna;2
Julica;2
Julie;2
Juliet;2
Juliette;2
Juline;2
Julla;2
Jullie;2
Juna;2
June;2
Junette;2
Junia;2
Junie;2
Junni;2
Junnie;2
Justa;2
Justina;2
Justine;2
Juta;2
Jutha;2
Jutta;2
Jyta;2
Jytta;2
Jytte;2
Jørdis;2
Jørga;2
Jørgie;2
Jørgine;2
Jørli;2
Jørna;2
Jørrie;2
Kadia;2
Kadja;2
Kadla;2
Kaia;2
Kaisa;2
Kaja;2
Kajsa;2
Kalinka;2
Kamilla;2
Kamille;2
Kamma;2
Kammy;2
Kanja;2
Kanna;2
Kanya;2
Kara;2
Karen;2
Karenlene;2
Karenlise;2
Kari;2
Karia;2
Karianne;2
Karima;2
Karin;2
Karina;2
Karine;2
Karis;2
Karit;2
Karitas;2
Karitha;2
Karitta;2
Karitte;2
Karla;2
Karli;2
Karlina;2
Karline;2
Karma;2
Karna;2
Karnelia;2
Karola;2
Karole;2
Karolina;2
Karoline;2
Karrie;2
Kasandra;2
Kasmira;2
Kassandra;2
Kassia;2
Kata;2
Katalin;2
Katarina;2
Katarine;2
Katcha;2
Katchen;2
Kate;2
Katerina;2
Katha;2
Katharina;2
Katharine;2
Kathe;2
Katherina;2
Katherine;2
Kathia;2
Kathina;2
Kathinka;2
Kathja;2
Kathleen;2
Kathlin;2
Kathrin;2
Kathrina;2
Kathrine;2
Kathy;2
Kathya;2
Katia;2
Katie;2
Katina;2
Katinka;2
Katja;2
Katjanna;2
Katje;2
Katka;2
Katrin;2
Katrina;2
Katrine;2
Katriona;2
Katrione;2
Katryn;2
Kattia;2
Kattie;2
Katty;2
Katy;2
Katya;2
Kaya;2
Kea;2
Kecia;2
Kekkie;2
Kellie;2
Keren;2
Kerensa;2
Kerit;2
Kerrye;2
Kersten;2
Kersti;2
Kerstin;2
Kerstine;2
Kertrin;2
Ket;2
Keth;2
Kett;2
Ketta;2
Kette;2
Ketti;2
Ketty;2
Kezia;2
Kia;2
Kianna;2
Kiara;2
Kichka;2
Kicka;2
Kickan;2
Kicki;2
Kickie;2
Kiddie;2
Kie;2
Kiea;2
Kierstine;2
Kika;2
Kiki;2
Kikki;2
Kimberley;2
Kimberly;2
Kimi;2
Kimie;2
Kimma;2
Kimmi;2
Kimmie;2
Kinna;2
Kinne;2
Kinnie;2
Kira;2
Kiri;2
Kirit;2
Kirja;2
Kirsa;2
Kirse;2
Kirsten;2
Kirsti;2
Kirstin;2
Kirstina;2
Kirstine;2
Kirta;2
Kis;2
Kisa;2
Kiss;2
Kisser;2
Kissy;2
Kista;2
Kit;2
Kita;2
Kith;2
Kitha;2
Kitna;2
Kitsa;2
Kitsie;2
Kitt;2
Kitta;2
Kitte;2
Kitten;2
Kitti;2
Kittie;2
Kitty;2
Kitza;2
Kiva;2
Kiwa;2
Kizzie;2
Kjersten;2
Kjersti;2
Kjerstin;2
Kjerstine;2
Kjesten;2
Kjestine;2
Klara;2
Klare;2
Klarissa;2
Klarisse;2
Klaudia;2
Klaudine;2
Klausine;2
Klea;2
Klennie;2
Kleo;2
Klio;2
Klotilde;2
Knuddine;2
Knudine;2
Knudsine;2
Konja;2
Konni;2
Konnie;2
Konny;2
Konradine;2
Konstance;2
Konstancia;2
Kora;2
Korna;2
Kornelia;2
Kornelie;2
Kraka;2
Kresta;2
Krestiane;2
Krestina;2
Krestine;2
Krista;2
Kristan;2
Kristel;2
Kristella;2
Kristence;2
Kristense;2
Kristiane;2
Kristin;2
Kristina;2
Kristine;2
Kristinna;2
Kyra;2
Kæthe;2
Käte;2
Käthe;2
Kätty;2
Laica;2
Laide;2
Laika;2
Laila;2
Lailah;2
Laina;2
Laisa;2
Laise;2
Lajka;2
Lajla;2
Lalla;2
Lana;2
Lane;2
Lani;2
Lara;2
Larisa;2
Larissa;2
Larna;2
Larsigne;2
Larsine;2
Latifa;2
Laura;2
Laure;2
Laureen;2
Laurence;2
Laurense;2
Laurentia;2
Laurentine;2
Laurette;2
Laurikke;2
Laurina;2
Laurine;2
Lavinia;2
Lavra;2
Lavrina;2
Lavrine;2
Layla;2
Lea;2
Leah;2
Leana;2
Leane;2
Leanette;2
Leanne;2
Lecia;2
Leda;2
Ledna;2
Lee-Ann;2
Leena;2
Leenette;2
Lehna;2
Leia;2
Leika;2
Leila;2
Leis;2
Leisa;2
Leisbeth;2
Leise;2
Leisje;2
Lejla;2
Lela;2
Lena;2
Lenda;2
Lene;2
Lenea;2
Lenette;2
Leni;2
Lenia;2
Lenie;2
Lenike;2
Lenina;2
Lenja;2
Lenka;2
Lenna;2
Lennie;2
Lennore;2
Lenore;2
Leona;2
Leone;2
Leonia;2
Leonie;2
Leonora;2
Leonore;2
Leontina;2
Leontine;2
Leopoldine;2
Lethe;2
Leticia;2
Lette;2
Lettie;2
Leyla;2
Lezanne;2
Li;2
Lia;2
Liana;2
Liane;2
Liani;2
Liann;2
Lianna;2
Lianne;2
Liat;2
Liba;2
Lica;2
Lican;2
Licia;2
Licie;2
Licken;2
Lida;2
Lidda;2
Lidden;2
Liddi;2
Liddie;2
Liddy;2
Lidi;2
Lidia;2
Lidy;2
Lie;2
Lienette;2
Liesel;2
Lieselotte;2
Lif;2
Liff;2
Liis;2
Liisa;2
Lil;2
Lila;2
Lilah;2
Lilan;2
Lili;2
Lilia;2
Lilian;2
Liliana;2
Liliane;2
Lilie;2
Lilina;2
Liline;2
Lilith;2
Lilja;2
Liljan;2
Lilje;2
Lill;2
Lilla;2
Lillah;2
Lillan;2
Lillemor;2
Lillene;2
Lilli;2
Lillia;2
Lillian;2
Lilliane;2
Lillibeth;2
Lillie;2
Lillien;2
Lilliken;2
Lillis;2
Lillith;2
Lilly;2
Lilse;2
Lily;2
Lilyan;2
Lilyann;2
Lin;2
Lina;2
Linda;2
Lindi;2
Lindis;2
Lindsay;2
Line;2
Linea;2
Linet;2
Linett;2
Linetta;2
Linette;2
Linika;2
Linka;2
Linn;2
Linna;2
Linnea;2
Lis;2
Lisa;2
Lisabell;2
Lisabeth;2
Lisan;2
Lisanette;2
Lisann;2
Lisanne;2
Lisbet;2
Lisbeth;2
Lisbett;2
Lischen;2
Lise;2
Lisel;2
Liselotte;2
Liset;2
Lisetta;2
Lisette;2
Lisi;2
Lisie;2
Lisl;2
Liss;2
Lissa;2
Lisse;2
Lisselotte;2
Lissen;2
Lissi;2
Lissia;2
Lissie;2
Lissy;2
Lista;2
Lisy;2
Lita;2
Liten;2
Lith;2
Litha;2
Lithen;2
Liticia;2
Litka;2
Litta;2
Litte;2
Litten;2
Litza;2
Litzi;2
Litzia;2
Litzie;2
Litzien;2
Litzy;2
Liv;2
Liva;2
Livia;2
Liw;2
Liz;2
Liza;2
Lizanette;2
Lizanne;2
Lizbet;2
Lizbeth;2
Lizell;2
Lizet;2
Lizeth;2
Lizett;2
Lizetta;2
Lizette;2
Lizi;2
Lizie;2
Lizl;2
Lizza;2
Lizzette;2
Lizzi;2
Lizzia;2
Lizzie;2
Lizzy;2
Lo;2
Loa;2
Lola;2
Lolan;2
Lolita;2
Lolo;2
Lona;2
Lone;2
Loney;2
Loni;2
Lonia;2
Lonna;2
Lonni;2
Lonnie;2
Lonny;2
Lora;2
Lore;2
Lorea;2
Lorena;2
Lorene;2
Lorentze;2
Lorenze;2
Loretta;2
Lori;2
Lorita;2
Lorna;2
Lorraine;2
Lotta;2
Lotte;2
Lotti;2
Lottie;2
Lotty;2
Lotus;2
Lou;2
Louann;2
Louisa;2
Louise;2
Louiza;2
Loulou;2
Lousin;2
Lova;2
Lovisa;2
Lovise;2
Luana;2
Luane;2
Luann;2
Lu-Ann;2
Luanne;2
Lucca;2
Lucette;2
Lucia;2
Luciana;2
Lucie;2
Lucienne;2
Lucille;2
Lucina;2
Lucinda;2
Lucinde;2
Lucretia;2
Lucy;2
Ludmilla;2
Ludovica;2
Ludovika;2
Ludvikka;2
Ludwiga;2
Luisa;2
Luise;2
Lula;2
Lull;2
Lulla;2
Lulle;2
Lulu;2
Luna;2
Lusy;2
Luth;2
Lya;2
Lycie;2
Lydia;2
Lykka;2
Lykke;2
Lyna;2
Lynett;2
Lynette;2
Lynn;2
Lynne;2
Lys;2
Lyzet;2
Lyzette;2
Lænna;2
Lærke;2
Løkke;2
Lønne;2
Mabel;2
Macaela;2
Madalena;2
Maddalena;2
Madeleine;2
Madelene;2
Madeline;2
Madelon;2
Madja;2
Madorma;2
Madsine;2
Magda;2
Magdalena;2
Magdalene;2
Magdaline;2
Magdalone;2
Magdelone;2
Magga;2
Maggi;2
Maggie;2
Magna;2
Magnella;2
Magnhild;2
Magnina;2
Magny;2
Mai;2
Maia;2
Maibrit;2
Maibrith;2
Maibritt;2
Maichen;2
Maidis;2
Maien;2
Maigen;2
Maiica;2
Maija;2
Maika;2
Maike;2
Maiken;2
Maikie;2
Maila;2
Mailill;2
Maina;2
Maise;2
Maitchen;2
Maite;2
Maj;2
Maja;2
Majbrit;2
Majbrith;2
Majbritt;2
Maje;2
Majka;2
Majke;2
Majken;2
Majli;2
Majlis;2
Majsa;2
Majse;2
Majvi;2
Majvor;2
Makaya;2
Makie;2
Malaika;2
Malena;2
Malene;2
Malfrid;2
Malhild;2
Malia;2
Malie;2
Malika;2
Malin;2
Malina;2
Malinda;2
Maline;2
Malinka;2
Malla;2
Malle;2
Mallie;2
Malou;2
Malue;2
Malvina;2
Malvine;2
Mamie;2
Manda;2
Maneth;2
Manett;2
Manette;2
Manitha;2
Manja;2
Manna;2
Manola;2
Manon;2
Manuela;2
Manuella;2
Mara;2
Marcella;2
Marcelle;2
Marcelline;2
Marchella;2
Marchelle;2
Marchen;2
Marcia;2
Maren;2
Marena;2
Marenta;2
Marente;2
Marentine;2
Marese;2
Maretha;2
Marethe;2
Marga;2
Margaret;2
Margareta;2
Margarete;2
Margaretha;2
Margarethe;2
Margarit;2
Margarita;2
Margaritha;2
Margie;2
Margit;2
Margith;2
Margithe;2
Margitta;2
Margot;2
Margret;2
Margreta;2
Margrete;2
Margretha;2
Margrethe;2
Margriet;2
Margrit;2
Margrith;2
Margritt;2
Marguerita;2
Marguerite;2
Margueritha;2
Marguerithe;2
Mari;2
Maria;2
Mariah;2
Mariam;2
Marian;2
Mariana;2
Mariane;2
Mariann;2
Marianna;2
Marianne;2
Maribel;2
Marie;2
Mariella;2
Marielle;2
Marienta;2
Marietta;2
Mariette;2
Marija;2
Marijanne;2
Marika;2
Marike;2
Marikka;2
Marikke;2
Marilena;2
Marilene;2
Marilia;2
Marilina;2
Marilyn;2
Marin;2
Marina;2
Marine;2
Marinella;2
Marinetta;2
Marinette;2
Mariolla;2
Marion;2
Marisa;2
Marisha;2
Marissa;2
Marit;2
Marita;2
Maritha;2
Maritta;2
Maritza;2
Marja;2
Marjanna;2
Marjanne;2
Marjorie;2
Marjun;2
Marka;2
Marken;2
Marketta;2
Markhild;2
Marlea;2
Marleen;2
Marlena;2
Marlene;2
Marlice;2
Marlie;2
Marlies;2
Marlis;2
Marlise;2
Marlit;2
Marna;2
Marne;2
Marnie;2
Marquerite;2
Marrit;2
Marry;2
Marsha;2
Marta;2
Marte;2
Martha;2
Marthe;2
Marthea;2
Marthina;2
Marthine;2
Martina;2
Martine;2
Martinette;2
Martinna;2
Mary;2
Marya;2
Maryam;2
Maryan;2
Maryann;2
Maryanna;2
Maryanne;2
Maryette;2
Marylou;2
Marzella;2
Mascha;2
Masha;2
Masja;2
Mathea;2
Mathia;2
Mathilda;2
Mathilde;2
Mathina;2
Mathine;2
Matie;2
Matilda;2
Matilde;2
Matina;2
Matine;2
Maud;2
Maureen;2
Maxine;2
May;2
Maya;2
Maybrit;2
Maybrith;2
Maybritt;2
Mayken;2
Mea;2
Mean;2
Mechela;2
Mecka;2
Medea;2
Medina;2
Medine;2
Meeri;2
Meg;2
Megan;2
Mei;2
Meike;2
Meiken;2
Mejken;2
Mejse;2
Melaine;2
Melani;2
Melanie;2
Melannie;2
Melene;2
Melie;2
Melika;2
Melike;2
Melina;2
Melinda;2
Meline;2
Melisa;2
Melissa;2
Melisse;2
Melita;2
Melitta;2
Mellanie;2
Menika;2
Menja;2
Merab;2
Mercedes;2
Merci;2
Mercy;2
Mereta;2
Merete;2
Meretha;2
Merethe;2
Meri;2
Merian;2
Merika;2
Merita;2
Merith;2
Merle;2
Merly;2
Merri;2
Merrit;2
Merry;2
Merte;2
Mery;2
Meta;2
Metea;2
Metha;2
Methea;2
Methine;2
Metia;2
Metina;2
Metine;2
Metta;2
Mette;2
Mettea;2
Mettelene;2
Metteline;2
Mettemarie;2
Metthea;2
Metthine;2
Mettine;2
Metty;2
Mey;2
Mi;2
Mia;2
Miamaja;2
Miamaya;2
Mian;2
Mianna;2
Mianne;2
Mica;2
Micaela;2
Micala;2
Micalla;2
Micella;2
Micha;2
Michaela;2
Michala;2
Michalina;2
Michela;2
Michele;2
Michèle;2
Micheline;2
Michella;2
Michelle;2
Michellie;2
Michilina;2
Micka;2
Midde;2
Mie;2
Mieke;2
Mignon;2
Mija;2
Mika;2
Mikaela;2
Mikaella;2
Mikala;2
Mikela;2
Mikie;2
Mikka;2
Mikkala;2
Mikkela;2
Mikkeline;2
Mila;2
Milanka;2
Milda;2
Mildred;2
Mildrid;2
Milena;2
Milene;2
Milia;2
Milka;2
Milla;2
Mille;2
Millie;2
Millika;2
Milly;2
Milma;2
Milred;2
Milrid;2
Mimi;2
Mimmi;2
Mina;2
Minda;2
Mine;2
Minea;2
Minella;2
Minelle;2
Minette;2
Mini;2
Minika;2
Minja;2
Minka;2
Minna;2
Minne;2
Minni;2
Minnie;2
Minnika;2
Minona;2
Mira;2
Mirabelle;2
Miranda;2
Mireille;2
Mirella;2
Miri;2
Miria;2
Miriam;2
Mirian;2
Miriem;2
Mirijam;2
Mirijana;2
Mirja;2
Mirjam;2
Mirjana;2
Mirka;2
Mirla;2
Mirna;2
Mirra;2
Mirsa;2
Mirza;2
Mischa;2
Misha;2
Misja;2
Miska;2
Mitra;2
Mitta;2
Mitte;2
Mitzi;2
Mitzie;2
Mitzy;2
Moira;2
Molise;2
Mollie;2
Molly;2
Mona;2
Monalisa;2
Monalise;2
Mone;2
Monette;2
Moni;2
Monia;2
Monica;2
Monice;2
Monika;2
Monike;2
Monique;2
Monja;2
Monna;2
Monnie;2
Morgana;2
Mortine;2
Mounia;2
Mouritza;2
Mouritze;2
Mowita;2
Muriel;2
Murielle;2
Musette;2
Musse;2
My;2
Mya;2
Myanne;2
Mylia;2
Mylise;2
Myra;2
Myriam;2
Myrna;2
Myrtha;2
Myrthel;2
Myrtle;2
Märta;2
Märtha;2
Nada;2
Nadia;2
Nadija;2
Nadine;2
Nadja;2
Nadjie;2
Naia;2
Naija;2
Naila;2
Naima;2
Naja;2
Nakita;2
Nan;2
Nana;2
Nancie;2
Nancy;2
Nanda;2
Nane;2
Nanet;2
Nanett;2
Nanette;2
Nanida;2
Nanina;2
Nanine;2
Naninja;2
Naninna;2
Nanja;2
Nann;2
Nanna;2
Nanne;2
Nannett;2
Nanni;2
Nannie;2
Nannina;2
Nanny;2
Nanzie;2
Naomi;2
Naranja;2
Nastacha;2
Nastasia;2
Natacha;2
Natali;2
Natalia;2
Natalie;2
Natalina;2
Natallia;2
Natascha;2
Natasha;2
Natashia;2
Natasia;2
Natasja;2
Natazja;2
Nathali;2
Nathalia;2
Nathalie;2
Nathasja;2
Nathia;2
Nathja;2
Nauja;2
Naya;2
Nazia;2
Nedda;2
Nedja;2
Neel;2
Neela;2
Neema;2
Neia;2
Neija;2
Neika;2
Nel;2
Nele;2
Nelie;2
Nell;2
Nella;2
Nelle;2
Nelli;2
Nellie;2
Nelly;2
Nen;2
Nena;2
Nene;2
Nenna;2
Nessie;2
Neta;2
Nete;2
Nethe;2
Netta;2
Nette;2
Netti;2
Nettie;2
Netty;2
Nezita;2
Nia;2
Niccie;2
Nicha;2
Nichole;2
Nicholine;2
Nicka;2
Nickeline;2
Nickie;2
Nicla;2
Nicola;2
Nicolaia;2
Nicole;2
Nicolett;2
Nicoletta;2
Nicolette;2
Nicolina;2
Nicoline;2
Nidia;2
Niela;2
Nielda;2
Niella;2
Nielle;2
Nielsigne;2
Nielsine;2
Nienke;2
Nikka;2
Nikkie;2
Nikola;2
Nikole;2
Nikolette;2
Nikolina;2
Nikoline;2
Nilda;2
Nile;2
Nilla;2
Nille;2
Nilsine;2
Nima;2
Nina;2
Nine;2
Ninea;2
Ninel;2
Ninell;2
Ninet;2
Ninett;2
Ninette;2
Nini;2
Ninia;2
Niniane;2
Ninja;2
Ninka;2
Ninkie;2
Ninna;2
Ninne;2
Ninni;2
Ninnie;2
Ninon;2
Niobe;2
Nissine;2
Nita;2
Nitta;2
Nivi;2
Nizita;2
Noa;2
Noelle;2
Noëlle;2
Noemi;2
Nolita;2
Nomi;2
Nona;2
Nonie;2
Nonni;2
Nonny;2
Noomi;2
Nora;2
Nore;2
Noreen;2
Norma;2
Nuka;2
Nya;2
Nynne;2
Nøk;2
Nøks;2
Nønne;2
Octavia;2
Oda;2
Odette;2
Odile;2
Odine;2
Ofelia;2
Ofelie;2
Oktavia;2
Olava;2
Olavia;2
Olea;2
Olefine;2
Olga;2
Olina;2
Oline;2
Olise;2
Oliva;2
Olive;2
Olivia;2
Olla;2
Olu;2
Oluffa;2
Olufine;2
Olympia;2
Ona;2
Oona;2
Ophelia;2
Osa;2
Othenia;2
Othilde;2
Othilia;2
Othilie;2
Othine;2
Otilia;2
Otilie;2
Otine;2
Otta;2
Ottella;2
Otthilie;2
Ottilia;2
Ottilie;2
Ottine;2
Ottoline;2
Ottomine;2
Ova;2
Ovine;2
Owa;2
Paja;2
Palma;2
Pam;2
Pamela;2
Pansy;2
Paola;2
Paprika;2
Parilla;2
Parmona;2
Pascale;2
Patricia;2
Patrizia;2
Patti;2
Paula;2
Paulette;2
Paulina;2
Pauline;2
Paulowa;2
Payana;2
Pearl;2
Peggy;2
Peja;2
Penelope;2
Penille;2
Pennie;2
Penny;2
Perline;2
Pernelle;2
Pernilla;2
Pernille;2
Peta;2
Petina;2
Petra;2
Petrea;2
Petrine;2
Petronella;2
Petronelle;2
Philipa;2
Philippa;2
Philippine;2
Phillippa;2
Phoebe;2
Phyllis;2
Pi;2
Pia;2
Pialone;2
Pian;2
Pianna;2
Pierette;2
Pietta;2
Piia;2
Pil;2
Pilar;2
Pina;2
Pipaluk;2
Pipi;2
Pippi;2
Pirette;2
Piyanna;2
Polenka;2
Poline;2
Polly;2
Poula;2
Poulina;2
Pouline;2
Povla;2
Povline;2
Primula;2
Prisca;2
Priscilla;2
Priska;2
Prudence;2
Puk;2
Pusle;2
Queenie;2
Quinnie;2
Rachel;2
Ragna;2
Ragnhild;2
Raja;2
Rakel;2
Ramona;2
Randa;2
Randi;2
Randy;2
Rania;2
Ranja;2
Ranva;2
Ranveig;2
Raquel;2
Rasmine;2
Raymonde;2
Rebecca;2
Rebecka;2
Rebekka;2
Rebekke;2
Regina;2
Regine;2
Regisse;2
Regitse;2
Regitta;2
Regitza;2
Regitze;2
Reidun;2
Reila;2
Rena;2
Renata;2
Renate;2
Renathe;2
Renee;2
Renée;2
Reni;2
Renie;2
Rennette;2
Reta;2
Rhea;2
Rhina;2
Rhoda;2
Ria;2
Riborg;2
Ricka;2
Rie;2
Rieke;2
Rienette;2
Rigborg;2
Rigmor;2
Riitta;2
Rikka;2
Rikke;2
Rikkie;2
Rilla;2
Rima;2
Rina;2
Rinda;2
Rine;2
Rinette;2
Rinie;2
Rinna;2
Rinnie;2
Risa;2
Rise;2
Rit;2
Rita;2
Rith;2
Ritha;2
Ritt;2
Ritta;2
Ritte;2
Ritva;2
Ritza;2
Roberta;2
Rola;2
Roma;2
Rona;2
Ronia;2
Ronja;2
Ronnie;2
Rosa;2
Rosalia;2
Rosalie;2
Rosalil;2
Rosalina;2
Rosalind;2
Rosalinda;2
Rosalinde;2
Rosamunda;2
Rosann;2
Rosanna;2
Rosanne;2
Rosaura;2
Rose;2
Rosea;2
Roseanna;2
Roseanne;2
Roselil;2
Roselille;2
Roseline;2
Rosemarie;2
Rosemary;2
Rosette;2
Rosie;2
Rosina;2
Rosine;2
Rosita;2
Rositha;2
Rositta;2
Roska;2
Rota;2
Rovena;2
Rowena;2
Roxanna;2
Roxanne;2
Rozetta;2
Rubi;2
Rubina;2
Ruby;2
Ruddie;2
Runa;2
Runna;2
Rusla;2
Rut;2
Ruth;2
Rya;2
Ryle;2
Røskva;2
Sabbie;2
Sabina;2
Sabine;2
Sabrina;2
Sabrine;2
Sacha;2
Sadia;2
Sadie;2
Safie;2
Safina;2
Safira;2
Saga;2
Sagara;2
Sahra;2
Saida;2
Saima;2
Saisa;2
Sakina;2
Salca;2
Salina;2
Salka;2
Salli;2
Sallie;2
Sally;2
Saloma;2
Salome;2
Samanda;2
Samantha;2
Samara;2
Samia;2
Samilla;2
Samina;2
Samira;2
Sana;2
Sandie;2
Sandra;2
Sandrine;2
Sane;2
Sangita;2
Sania;2
Sanina;2
Sanita;2
Sanja;2
Sanna;2
Sannah;2
Sanne;2
Sanni;2
Sannie;2
Sara;2
Sarah;2
Sardia;2
Sari;2
Sarina;2
Sarsa;2
Sasa;2
Sascha;2
Sasha;2
Sashia;2
Sasia;2
Sasja;2
Saskia;2
Sassia;2
Sava;2
Savanna;2
Savannah;2
Scarlet;2
Scarlett;2
Schanne;2
Schannie;2
Scharlett;2
Schastine;2
Sebina;2
Sebora;2
Sebrina;2
Sebrine;2
Sedsel;2
Seia;2
Seija;2
Sekita;2
Selana;2
Selene;2
Selina;2
Selinda;2
Seline;2
Sella;2
Selma;2
Semina;2
Semine;2
Senia;2
Senna;2
Sennella;2
Sennet;2
Senta;2
Sera;2
Serena;2
Serina;2
Serine;2
Sesil;2
Sesilie;2
Sessa;2
Sesse;2
Sessel;2
Sessie;2
Sette;2
Severina;2
Severine;2
Shaila;2
Shandie;2
Shanice;2
Shanna;2
Shannet;2
Shannie;2
Shanny;2
Shanta;2
Sharin;2
Sharon;2
Sheba;2
Sheena;2
Sheila;2
Shelly;2
Shessa;2
Shila;2
Shilla;2
Shirian;2
Shirinja;2
Shirley;2
Shiva;2
Sia;2
Sibille;2
Sibyl;2
Sibylla;2
Sibylle;2
Sickan;2
Sidonia;2
Sidonie;2
Sidse;2
Sidsel;2
Siemona;2
Sif;2
Siff;2
Sifka;2
Sigborg;2
Sigbrit;2
Sigbrith;2
Sigbritt;2
Sigga;2
Signa;2
Signe;2
Signi;2
Signild;2
Signy;2
Sigrid;2
Sigrun;2
Sigrunn;2
Sigyn;2
Sika;2
Sikita;2
Sikka;2
Sila;2
Silja;2
Silje;2
Silke;2
Silla;2
Sille;2
Silpa;2
Silva;2
Silvana;2
Silvania;2
Silvia;2
Simikka;2
Simona;2
Simone;2
Simonia;2
Simonie;2
Sina;2
Sindet;2
Sine;2
Sinette;2
Sinika;2
Sinikka;2
Sinja;2
Sinna;2
Sinne;2
Sinned;2
Sinnet;2
Sinnika;2
Sira;2
Sire;2
Siri;2
Siria;2
Sirid;2
Sirikit;2
Sisan;2
Sisell;2
Sisi;2
Sisie;2
Siska;2
Sissa;2
Sissan;2
Sisse;2
Sissel;2
Sissi;2
Sissie;2
Sita;2
Sitia;2
Sitta;2
Siv;2
Siva;2
Siw;2
Smila;2
Smilla;2
Snerle;2
Snæja;2
Soffi;2
Soffie;2
Soffy;2
Sofia;2
Sofie;2
Sofja;2
Sol;2
Solbjørg;2
Solbritt;2
Solfred;2
Solfrid;2
Solfrida;2
Solfried;2
Solgerd;2
Solrun;2
Solvei;2
Solveig;2
Solvej;2
Solvejg;2
Solvig;2
Solweig;2
Sonia;2
Sonja;2
Sonna;2
Sophia;2
Sophie;2
Sophy;2
Soraya;2
Sorcha;2
Sorella;2
Stasia;2
Stasie;2
Steena;2
Stefani;2
Stefania;2
Stefanie;2
Steffani;2
Steffanie;2
Steffannie;2
Steffenie;2
Steffi;2
Steffie;2
Steffy;2
Stefine;2
Steinbjørg;2
Stella;2
Stence;2
Stends;2
Stenia;2
Stenja;2
Stenna;2
Stens;2
Stense;2
Stenze;2
Stephani;2
Stephania;2
Stephanie;2
Stephenie;2
Stephie;2
Stiane;2
Stina;2
Stine;2
Stinna;2
Stinne;2
Sue;2
Sulaima;2
Sulajma;2
Suleima;2
Sulejma;2
Suna;2
Sunette;2
Sunie;2
Sunita;2
Sunn;2
Sunna;2
Sunniva;2
Sunny;2
Sunrid;2
Sus;2
Susan;2
Susana;2
Susann;2
Susanna;2
Susannah;2
Susanne;2
Susette;2
Susi;2
Susia;2
Susie;2
Sussan;2
Sussanne;2
Susse;2
Susser;2
Sussi;2
Sussie;2
Sussy;2
Susy;2
Suzan;2
Suzana;2
Suzann;2
Suzanna;2
Suzannah;2
Suzanne;2
Suzett;2
Suzette;2
Suzi;2
Suzie;2
Suzy;2
Svala;2
Svanhild;2
Svava;2
Svea;2
Sybilla;2
Sybille;2
Sylva;2
Sylvette;2
Sylvia;2
Sylvie;2
Synne;2
Synned;2
Synnøve;2
Syrena;2
Syrene;2
Sys;2
Syssan;2
Sysse;2
Syster;2
Syzett;2
Sølva;2
Sølve;2
Sølvi;2
Sølvig;2
Sørina;2
Sørine;2
Søs;2
Søsser;2
Søster;2
Tabia;2
Tabina;2
Tabine;2
Tabita;2
Tabitha;2
Tabithe;2
Tabitta;2
Tacha;2
Tadea;2
Tagea;2
Tahira;2
Taia;2
Taija;2
Taila;2
Taimi;2
Taina;2
Taja;2
Tajanna;2
Talena;2
Talia;2
Talita;2
Talli;2
Tama;2
Tamar;2
Tamara;2
Tami;2
Tamira;2
Tammie;2
Tamra;2
Tana;2
Tania;2
Tanita;2
Tanja;2
Tanna;2
Tanne;2
Tanni;2
Tannia;2
Tannie;2
Tanya;2
Tara;2
Tarita;2
Tascha;2
Tascha;2
Tasha;2
Tashina;2
Tasia;2
Tasja;2
Tassa;2
Tatania;2
Tatiana;2
Tatiane;2
Tatjana;2
Tatyana;2
Tea;2
Tebina;2
Tecla;2
Teda;2
Teela;2
Teena;2
Teia;2
Tekla;2
Telena;2
Telma;2
Telse;2
Tena;2
Tene;2
Tenja;2
Tenna;2
Tennie;2
Tenya;2
Teodora;2
Teresa;2
Terese;2
Teresia;2
Terja;2
Terka;2
Terna;2
Terne;2
Tescha;2
Tess;2
Tessa;2
Tessie;2
Tetina;2
Thala;2
Thalia;2
Thamara;2
Thania;2
Thanja;2
Thara;2
Thaya;2
Thea;2
Theana;2
Thecla;2
Theila;2
Thekla;2
Thelma;2
Thelse;2
Thenna;2
Theodora;2
Theona;2
Theone;2
Theresa;2
Therese;2
Theresia;2
Therna;2
Thessa;2
Thia;2
Thilda;2
Thilde;2
Thilla;2
Thina;2
Thine;2
Thinka;2
Thinne;2
Thit;2
Thoma;2
Thomasine;2
Thomassine;2
Thomina;2
Thomine;2
Thora;2
Thorbjørg;2
Thorborg;2
Thordis;2
Thorgerd;2
Thorgun;2
Thorhild;2
Thorid;2
Thorny;2
Thorun;2
Thorunn;2
Thrine;2
Thuri;2
Thurid;2
Thusnelda;2
Thyra;2
Thyre;2
Tia;2
Tiana;2
Tiane;2
Tida;2
Tienna;2
Tiffanie;2
Tiffany;2
Tiina;2
Tika;2
Tila;2
Tilda;2
Tilde;2
Tilia;2
Tilka;2
Tilla;2
Tille;2
Tillie;2
Tillike;2
Tilse;2
Timia;2
Timian;2
Timie;2
Tina;2
Tine;2
Tinea;2
Tineke;2
Tinella;2
Tinemarie;2
Tinie;2
Tinja;2
Tinka;2
Tinna;2
Tinne;2
Tinnie;2
Tira;2
Tirsa;2
Tirza;2
Tirzah;2
Titica;2
Titika;2
Titina;2
Titta;2
Titte;2
Titti;2
Tjana;2
Toa;2
Tola;2
Tolva;2
Toma;2
Tomasine;2
Tomassine;2
Tomine;2
Tona;2
Tone;2
Tonie;2
Tonika;2
Tonita;2
Tonja;2
Tonje;2
Tonnie;2
Tonya;2
Tora;2
Torbjørg;2
Torborg;2
Tordis;2
Torgerd;2
Torgun;2
Torhild;2
Torid;2
Toril;2
Torny;2
Torun;2
Torunn;2
Tova;2
Tove;2
Tracey;2
Traute;2
Trein;2
Trice;2
Tricia;2
Trille;2
Trina;2
Trine;2
Trineke;2
Trinka;2
Trinke;2
Trude;2
Trudi;2
Tua;2
Tudi;2
Tudlik;2
Tula;2
Tulla;2
Tullia;2
Tullik;2
Tuna;2
Turi;2
Turid;2
Tusnelda;2
Tut;2
Tutt;2
Tutta;2
Tutte;2
Tuula;2
Tyra;2
Tyre;2
Tytte;2
Ula;2
Ulfhild;2
Ulja;2
Ulla;2
Ulrica;2
Ulricca;2
Ulricha;2
Ulrika;2
Ulrike;2
Ulrikka;2
Ulrikke;2
Una;2
Unn;2
Unna;2
Unni;2
Unnie;2
Urd;2
Ursa;2
Ursula;2
Uta;2
Ute;2
Utrilla;2
Vagna;2
Vaike;2
Valborg;2
Valentina;2
Valentine;2
Valeria;2
Valerie;2
Valgerd;2
Valgerda;2
Valinka;2
Valli;2
Vallie;2
Vally;2
Vanda;2
Vanessa;2
Vanja;2
Varinka;2
Varla;2
Varna;2
Vava;2
Vebina;2
Vega;2
Veinta;2
Vejdi;2
Vela;2
Venca;2
Venche;2
Vencke;2
Vendela;2
Vendele;2
Vendla;2
Venessa;2
Venetia;2
Veni;2
Venia;2
Venke;2
Vera;2
Verena;2
Verna;2
Vernie;2
Vernill;2
Veronica;2
Veronika;2
Veronique;2
Vesla;2
Vesta;2
Vetsera;2
Via;2
Viana;2
Vianna;2
Vianne;2
Vibe;2
Vibecke;2
Vibeka;2
Vibeke;2
Vibekka;2
Vibekke;2
Viben;2
Vibs;2
Vibse;2
Vica;2
Vicha;2
Vicki;2
Vickie;2
Vicky;2
Victoria;2
Vigdis;2
Vigga;2
Vika;2
Viki;2
Vikie;2
Vikka;2
Vikke;2
Vikki;2
Viktoria;2
Viktorine;2
Vilda;2
Vilhelma;2
Vilhelmina;2
Vilhelmine;2
Vilia;2
Vilja;2
Vilma;2
Vilna;2
Vina;2
Vinca;2
Vincentia;2
Vindie;2
Vineke;2
Vini;2
Vinie;2
Vinifred;2
Vinja;2
Vinka;2
Vinna;2
Vinni;2
Vinnie;2
Vinnifred;2
Viol;2
Viola;2
Violet;2
Violetta;2
Violette;2
Vips;2
Vipsen;2
Vira;2
Virginia;2
Vita;2
Vitha;2
Vitta;2
Viva;2
Vivan;2
Viveca;2
Viveth;2
Vivette;2
Vivi;2
Vivia;2
Vivian;2
Viviane;2
Viviann;2
Vivianna;2
Vivianne;2
Vivica;2
Vivie;2
Vivien;2
Vivienne;2
Vivika;2
Vogelia;2
Vonnie;2
Vår;2
Wagna;2
Walborg;2
Walentine;2
Waleria;2
Walli;2
Wally;2
Walentine;2
Waleria;2
Wanda;2
Wanja;2
Warla;2
Warna;2
Weena;2
Wela;2
Wenche;2
Wencke;2
Wendie;2
Wendy;2
Wenja;2
Wera;2
Werna;2
Wibeke;2
Wicki;2
Wickie;2
Wicky;2
Wigga;2
Wiki;2
Wiktoria;2
Wilda;2
Wilhelma;2
Wilhelmina;2
Wilhelmine;2
Wilja;2
Wilma;2
Wina;2
Wini;2
Winie;2
Winifred;2
Winna;2
Winni;2
Winnie;2
Winnifred;2
Winona;2
Wiola;2
Wita;2
Witha;2
Witta;2
Wivan;2
Wiveca;2
Wivi;2
Wivian;2
Wivianne;2
Wiwi;2
Wiwica;2
Wyrna;2
Xana;2
Xandra;2
Xenia;2
Xina;2
Yade;2
Yael;2
Yana;2
Yanina;2
Yasmin;2
Yasmina;2
Yazmin;2
Yda;2
Ydun;2
Yelva;2
Yessica;2
Ylva;2
Ynette;2
Yngva;2
Yolanda;2
Yoma;2
Yonna;2
Yrsa;2
Ysette;2
Ytta;2
Ytte;2
Yvette;2
Yvon;2
Yvonn;2
Yvonna;2
Yvonne;2
Zabina;2
Zabrina;2
Zahra;2
Zaina;2
Zakia;2
Zalina;2
Zana;2
Zandra;2
Zanette;2
Zanna;2
Zanne;2
Zannie;2
Zanny;2
Zanya;2
Zara;2
Zarah;2
Zarifa;2
Zarina;2
Zascha;2
Zaza;2
Zazia;2
Zebina;2
Zebora;2
Zelia;2
Zelina;2
Zeline;2
Zella;2
Zelma;2
Zema;2
Zena;2
Zenia;2
Zenika;2
Zenja;2
Zenna;2
Zennia;2
Zennie;2
Zenobia;2
Zenta;2
Zerafine;2
Zerina;2
Zerlina;2
Zessa;2
Zia;2
Zickan;2
Zida;2
Ziga;2
Ziggie;2
Zilla;2
Zille;2
Zina;2
Zinaida;2
Zindy;2
Zinita;2
Zira;2
Ziska;2
Zissi;2
Zita;2
Zitha;2
Zitta;2
Zoe;2
Zofia;2
Zofie;2
Zofja;2
Zophia;2
Zophie;2
Zosia;2
Zusanne;2
Zuzan;2
Zuzanne;2
Zuzette;2
Ågot;2
Aagot;2
Åsa;2
Aasa;2
Åse;2
Aase;2
